"Hotel","Provider","Review_Count","Free_Wifi","Breakfast_Included","Swimming_Pool","Free_Parking","Website","Special_Offer","Restaurant","links","Price_AMD","Price_USD","overall_rating","address"
"ibis Yerevan Center Hotel","Booking.com",209,1,0,0,1,1,1,0,"https://www.tripadvisor.com/Hotel_Review-g293932-d11665411-Reviews-Ibis_Yerevan_Center_Hotel-Yerevan.html",24750,51," 4.5 ","Northern Avenue 5/1, Yerevan 0001, Armenia"
"Deluxe Hotel Yerevan","Agoda.com",226,1,0,0,1,1,1,0,"https://www.tripadvisor.com/Hotel_Review-g293932-d1479879-Reviews-Deluxe_Hotel_Yerevan-Yerevan.html",14021,29," 4.5 ","Komitas ave 32, Yerevan 0012, Armenia"
"Armenia Marriott Hotel Yerevan","Booking.com",743,0,0,0,1,1,1,1,"https://www.tripadvisor.com/Hotel_Review-g293932-d299732-Reviews-Armenia_Marriott_Hotel_Yerevan-Yerevan.html",54400,112," 4.0 ","Amiryan str. 1, Yerevan 0010, Armenia"
"Tufenkian Historic Yerevan Hotel","Booking.com",382,1,1,0,0,0,0,0,"https://www.tripadvisor.com/Hotel_Review-g293932-d3634113-Reviews-Tufenkian_Historic_Yerevan_Hotel-Yerevan.html",37000,76," 4.5 ","Anrapyetutsyan str. 48, Yerevan 0010, Armenia"
"Republica Hotel Yerevan","Agoda.com",622,1,1,0,0,1,1,0,"https://www.tripadvisor.com/Hotel_Review-g293932-d6731098-Reviews-Republica_Hotel_Yerevan-Yerevan.html",46268,96," 4.5 ","Amiryan str. 7/1, Yerevan 0010, Armenia"
"My Hotel Yerevan","Booking.com",145,1,0,0,1,0,0,0,"https://www.tripadvisor.com/Hotel_Review-g293932-d6702577-Reviews-My_Hotel_Yerevan-Yerevan.html",22342,46," 4.5 ","Nalbandyan street 47/1, Yerevan 0010, Armenia"
"Paris Hotel","Expedia.com",344,1,0,0,1,1,0,0,"https://www.tripadvisor.com/Hotel_Review-g293932-d7004445-Reviews-Paris_Hotel-Yerevan.html",35547,73," 4.5 ","Amiryan str. 4/6, Yerevan 0010, Armenia"
"Hotel Meg","Booking.com",171,1,0,0,1,0,0,0,"https://www.tripadvisor.com/Hotel_Review-g293932-d1232920-Reviews-Hotel_Meg-Yerevan.html",28875,60," 4.5 ","Sarmen 1 | City Center, Yerevan 0009, Armenia"
"Best Western Congress Hotel","Agoda.com",599,1,0,0,1,0,0,0,"https://www.tripadvisor.com/Hotel_Review-g293932-d308336-Reviews-Best_Western_Congress_Hotel-Yerevan.html",33408,69," 4.0 ","1 Italy Street, Yerevan 0010, Armenia"
"DoubleTree by Hilton Hotel Yerevan City Centre","Booking.com",311,1,0,0,1,1,1,0,"https://www.tripadvisor.com/Hotel_Review-g293932-d8029079-Reviews-DoubleTree_by_Hilton_Hotel_Yerevan_City_Centre-Yerevan.html",37500,77," 4.5 ","Grigor Lusavorich Street 4/2, Yerevan 0015, Armenia"
"Nova Hotel","Expedia.com",218,1,0,0,1,0,0,0,"https://www.tripadvisor.com/Hotel_Review-g293932-d10100256-Reviews-Nova_Hotel-Yerevan.html",32974,68," 4.5 ","Sayat Novy str. 10/5, Yerevan 0001, Armenia"
"Opera Suite Hotel","Expedia.com",139,1,0,0,1,0,0,0,"https://www.tripadvisor.com/Hotel_Review-g293932-d8280822-Reviews-Opera_Suite_Hotel-Yerevan.html",40450,84," 4.5 ","1 str. 1-3, Yerevan 0068, Armenia"
"Radisson Blu Hotel, Yerevan","Booking.com",112,1,0,0,1,0,0,0,"https://www.tripadvisor.com/Hotel_Review-g293932-d10518419-Reviews-Radisson_Blu_Hotel_Yerevan-Yerevan.html",55418,114," 4.5 ","Azatutyan ave 2/2, Yerevan 0037, Armenia"
"Mia Casa Hotel Yerevan","Booking.com",55,1,0,0,1,0,0,0,"https://www.tripadvisor.com/Hotel_Review-g293932-d11643507-Reviews-Mia_Casa_Hotel_Yerevan-Yerevan.html",21658,45," 5.0 ","Shara-Talyana str. 13, Yerevan 0070, Armenia"
"Hyatt Place Yerevan","Booking.com",289,1,0,0,1,0,0,0,"https://www.tripadvisor.com/Hotel_Review-g293932-d5281493-Reviews-Hyatt_Place_Yerevan-Yerevan.html",58000,120," 4.5 ","Sargsyana Vazgyena str. 26/1 V, Yerevan 0010, Armenia"
"Grand Hotel Yerevan","Booking.com",345,1,0,1,0,0,0,0,"https://www.tripadvisor.com/Hotel_Review-g293932-d585269-Reviews-Grand_Hotel_Yerevan-Yerevan.html",44250,91," 4.5 ","14 Abovian St, Yerevan 375010, Armenia"
"Roma Hotel Complex","Booking.com",96,1,0,0,1,0,0,0,"https://www.tripadvisor.com/Hotel_Review-g293932-d5218005-Reviews-Roma_Hotel_Complex-Yerevan.html",20000,41," 5.0 ","Rubinyantsa str. 29/14, Yerevan 0035, Armenia"
"Cross Resort Hotel","Expedia.com",51,1,0,0,1,0,0,0,"https://www.tripadvisor.com/Hotel_Review-g293932-d6279855-Reviews-Cross_Resort_Hotel-Yerevan.html",31650,65," 5.0 ","Ashtarak highway 50/1, Yerevan 0088, Armenia"
"Erebuni Hotel","Booking.com",174,1,1,0,0,0,0,0,"https://www.tripadvisor.com/Hotel_Review-g293932-d1216356-Reviews-Erebuni_Hotel-Yerevan.html",28333,59," 4.0 ","Sargsyana Vazgyena str. 26/4 | Republic Square, Yerevan 0010, Armenia"
"HyeLandz Eco Village Resort","Booking.com",103,1,0,0,1,0,0,0,"https://www.tripadvisor.com/Hotel_Review-g293932-d3512376-Reviews-HyeLandz_Eco_Village_Resort-Yerevan.html",38095,79," 5.0 ","2nd Street | Geghadir, Yerevan 2216, Armenia"
"Areg Hotel","Booking.com",121,1,0,0,1,0,0,0,"https://www.tripadvisor.com/Hotel_Review-g293932-d1137158-Reviews-Areg_Hotel-Yerevan.html",19063,39," 4.5 ","Burnazyan str. 80, Yerevan 0005, Armenia"
"Yerevan Hostel","Booking.com",129,1,0,0,1,0,0,0,"https://www.tripadvisor.com/Hotel_Review-g293932-d2054510-Reviews-Yerevan_Hostel-Yerevan.html",8708,18," 4.5 ","Tpagrichnyeri str. 5, Yerevan 0010, Armenia"
"Hostel Glide","Booking.com",57,1,0,0,1,0,0,0,"https://www.tripadvisor.com/Hotel_Review-g293932-d2090583-Reviews-Hostel_Glide-Yerevan.html",7917,16," 5.0 ","Galents St., 16, Yerevan 0033, Armenia"
"JR's House","Booking.com",96,1,1,0,0,0,0,0,"https://www.tripadvisor.com/Hotel_Review-g293932-d4267841-Reviews-JR_s_House-Yerevan.html",12000,25," 4.5 ","4/1 James Bryce Street | Behind Polyclinic No 8, Baghramyan Avenue, Yerevan 0019, Armenia"
"14th Floor Hotel","Expedia.com",77,1,0,0,1,0,0,0,"https://www.tripadvisor.com/Hotel_Review-g293932-d2038096-Reviews-14th_Floor_Hotel-Yerevan.html",27291,56," 4.5 ","Amiryan str. 4/6, Yerevan 0010, Armenia"
"Olympia Hotel","Booking.com",100,1,0,0,1,0,0,0,"https://www.tripadvisor.com/Hotel_Review-g293932-d308340-Reviews-Olympia_Hotel-Yerevan.html",24333,50," 4.5 ","Barbyusi str. 64, Yerevan 0028, Armenia"
"Komitas Avenue Hostel and Guest House","Booking.com",30,1,0,0,1,0,0,0,"https://www.tripadvisor.com/Hotel_Review-g293932-d12494833-Reviews-Komitas_Avenue_Hostel_and_Guest_House-Yerevan.html",7908,16," 5.0 ","Komitas ave 51/1, Yerevan 0014, Armenia"
"Europe Hotel","Booking.com",195,1,0,0,1,0,0,0,"https://www.tripadvisor.com/Hotel_Review-g293932-d1447581-Reviews-Europe_Hotel-Yerevan.html",35417,73," 4.0 ","Anrapyetutsyan str. 38, Yerevan 0010, Armenia"
"Cascade Hotel","Expedia.com",85,1,0,0,1,0,0,0,"https://www.tripadvisor.com/Hotel_Review-g293932-d6213513-Reviews-Cascade_Hotel-Yerevan.html",26906,56," 4.5 ","Zarobyan YA. str. 10/10, Yerevan 0009, Armenia"
"Ani Plaza Hotel","Booking.com",429,1,0,1,0,0,0,0,"https://www.tripadvisor.com/Hotel_Review-g293932-d308331-Reviews-Ani_Plaza_Hotel-Yerevan.html",20040,41,NA,NA
"Sochi Palace Hotel","Booking.com",74,1,0,0,1,0,0,0,"https://www.tripadvisor.com/Hotel_Review-g293932-d4163416-Reviews-Sochi_Palace_Hotel-Yerevan.html",11553,24," 4.0 ","Jrvej Qochinyan 13 / 13, Yerevan 0089, Armenia"
"One Way Hostel Tumanyan","Booking.com",58,1,1,0,0,0,0,0,"https://www.tripadvisor.com/Hotel_Review-g293932-d4406568-Reviews-One_Way_Hostel_Tumanyan-Yerevan.html",11000,23," 4.5 ","Tumanyan O. str. 41 | 5th Floor, Yerevan 0002, Armenia"
"Areve Residence Boutique Hotel","Expedia.com",23,1,0,0,1,0,0,0,"https://www.tripadvisor.com/Hotel_Review-g293932-d12135475-Reviews-Areve_Residence_Boutique_Hotel-Yerevan.html",24078,50," 4.5 ","16, 13 street, Nork Marash | Nork-Marash, Yerevan 0047, Armenia"
"Classic Hostel Yervan","Booking.com",15,1,0,0,1,0,0,0,"https://www.tripadvisor.com/Hotel_Review-g293932-d7923624-Reviews-Classic_Hostel_Yervan-Yerevan.html",10714,22," 4.5 ","Home 20 Kiyevyan str., Yerevan 0028, Armenia"
"North Avenue Hotel","Booking.com",68,1,1,0,0,0,0,0,"https://www.tripadvisor.com/Hotel_Review-g293932-d4619506-Reviews-North_Avenue_Hotel-Yerevan.html",46042,95," 4.5 ","North Ave., 10/1, Yerevan 0010, Armenia"
"Imperial Palace Hotel","Expedia.com",143,1,0,0,1,0,0,0,"https://www.tripadvisor.com/Hotel_Review-g293932-d4886384-Reviews-Imperial_Palace_Hotel-Yerevan.html",37059,77," 4.0 ","Koryun str. 23, Yerevan 0009, Armenia"
"Bridge Hostel Yerevan Armenia","Booking.com",28,1,0,0,1,0,0,0,"https://www.tripadvisor.com/Hotel_Review-g293932-d10102032-Reviews-Bridge_Hostel_Yerevan_Armenia-Yerevan.html",10825,22," 5.0 ","41 Khanjyan Street, Yerevan 0001, Armenia"
"Panorama Yerevan Resort","Expedia.com",39,1,0,0,1,0,0,0,"https://www.tripadvisor.com/Hotel_Review-g293932-d5975411-Reviews-Panorama_Yerevan_Resort-Yerevan.html",31424,65," 5.0 ","G.Hovsepyan 24/3 | Nork Marash, Yerevan 375012, Armenia"
"Messier 53 Hotel Yerevan","Booking.com",46,1,0,0,1,0,0,0,"https://www.tripadvisor.com/Hotel_Review-g293932-d12311601-Reviews-Messier_53_Hotel_Yerevan-Yerevan.html",48867,101," 5.0 ","Vardanants St.,15/4, Yerevan 0010, Armenia"
"Three Jugs","Booking.com",57,1,0,0,1,0,0,0,"https://www.tripadvisor.com/Hotel_Review-g293932-d2229384-Reviews-Three_Jugs-Yerevan.html",10833,22," 4.5 ","Jrvezh District, 123 | Beginning of H-3 Highway to Garni-Geghard, Yerevan 2227, Armenia"
"Aviatrans","Booking.com",161,1,0,0,1,0,0,0,"https://www.tripadvisor.com/Hotel_Review-g293932-d308337-Reviews-Aviatrans-Yerevan.html",30458,63,NA,NA
"Diamond Hotel Yerevan","Expedia.com",80,1,0,0,1,0,0,0,"https://www.tripadvisor.com/Hotel_Review-g293932-d6839245-Reviews-Diamond_Hotel_Yerevan-Yerevan.html",49462,102," 4.5 ","Arami str. 86, Yerevan 0002, Armenia"
"Bass Boutique Hotel","Hotels.com",98,1,0,0,1,0,0,0,"https://www.tripadvisor.com/Hotel_Review-g293932-d308335-Reviews-Bass_Boutique_Hotel-Yerevan.html",23018,48," 4.0 ","Aygyedzor 3/1, Yerevan 0019, Armenia"
"City Centre Hotel by Picnic","Booking.com",87,1,1,0,0,0,0,0,"https://www.tripadvisor.com/Hotel_Review-g293932-d7786379-Reviews-City_Centre_Hotel_by_Picnic-Yerevan.html",22667,47," 4.5 ","Yeznik Koghbatsi 20, Yerevan 0002, Armenia"
"Hotel Regineh","Expedia.com",79,1,0,0,1,0,0,0,"https://www.tripadvisor.com/Hotel_Review-g293932-d1237108-Reviews-Hotel_Regineh-Yerevan.html",18178,38," 4.0 ","Norki Ayginer St, Yerevan 0013, Armenia"
"Silachi Hotel","Booking.com",115,1,1,0,0,0,0,0,"https://www.tripadvisor.com/Hotel_Review-g293932-d2442929-Reviews-Silachi_Hotel-Yerevan.html",25000,52," 4.0 ","20 Tigran Mets Ave, Yerevan 375000, Armenia"
"Primer Hotel","Booking.com",35,1,0,0,1,0,0,0,"https://www.tripadvisor.com/Hotel_Review-g293932-d2214444-Reviews-Primer_Hotel-Yerevan.html",16292,34," 4.5 ","Ulnetsi St., 58, Yerevan 0037, Armenia"
"SD Hotel","Booking.com",48,1,0,0,1,0,0,0,"https://www.tripadvisor.com/Hotel_Review-g293932-d3545290-Reviews-SD_Hotel-Yerevan.html",19697,41,NA,NA
"Hotel National","Booking.com",101,1,0,0,1,0,0,0,"https://www.tripadvisor.com/Hotel_Review-g293932-d3873711-Reviews-Hotel_National-Yerevan.html",46250,96," 4.0 ","Amiryan str. 4/3, Yerevan 0010, Armenia"
"Daniel Boutique Hotel","Booking.com",17,0,1,0,1,0,0,0,"https://www.tripadvisor.com/Hotel_Review-g293932-d12385925-Reviews-Daniel_Boutique_Hotel-Yerevan.html",19458,40," 5.0 ","Movses Khorenatsi str. 4/3, Yerevan 0015, Armenia"
"Grand Hostel Yerevan","Booking.com",64,1,0,0,1,0,0,0,"https://www.tripadvisor.com/Hotel_Review-g293932-d6761410-Reviews-Grand_Hostel_Yerevan-Yerevan.html",10286,21," 4.5 ","Aigestan 10th st., 31, Yerevan 0001, Armenia"
"Planet Hotel","Booking.com",20,1,0,0,1,0,0,0,"https://www.tripadvisor.com/Hotel_Review-g293932-d7890784-Reviews-Planet_Hotel-Yerevan.html",15300,32," 5.0 ","Malkhasyan S. 1/9, Yerevan 0051, Armenia"
"Vagary Hostel","Booking.com",18,1,1,0,0,0,0,0,"https://www.tripadvisor.com/Hotel_Review-g293932-d10119572-Reviews-Vagary_Hostel-Yerevan.html",8325,17," 5.0 ","Movses Khorenatsi str. 30/72, Yerevan 0018, Armenia"
"City Hotel by Picnic","Agoda.com",55,1,0,0,1,0,0,0,"https://www.tripadvisor.com/Hotel_Review-g293932-d8400769-Reviews-City_Hotel_by_Picnic-Yerevan.html",21097,44," 4.5 ","26/1 Martiros Saryan Street, Yerevan 0002, Armenia"
"FindArmenia Hostel","Booking.com",28,1,0,0,1,0,0,0,"https://www.tripadvisor.com/Hotel_Review-g293932-d10127306-Reviews-FindArmenia_Hostel-Yerevan.html",7492,15," 5.0 ","Bayrona str. 10, Yerevan 0009, Armenia"
"Boulevard Hotel","Booking.com",25,1,0,0,0,0,0,0,"https://www.tripadvisor.com/Hotel_Review-g293932-d12486956-Reviews-Boulevard_Hotel-Yerevan.html",32492,67," 4.5 ","37 Pavstos Buzand Street, Yerevan 0010, Armenia"
"Villa 29","Booking.com",41,1,0,0,0,0,0,0,"https://www.tripadvisor.com/Hotel_Review-g293932-d6200911-Reviews-Villa_29-Yerevan.html",30000,62," 4.5 ","Kokhbatsi str. 29, Yerevan 0010, Armenia "
"Grig Hotel","Expedia.com",27,1,0,0,0,0,0,0,"https://www.tripadvisor.com/Hotel_Review-g293932-d3870900-Reviews-Grig_Hotel-Yerevan.html",21973,45," 4.5 ","Bagramyan Marshal ave 47/12, Yerevan 0019, Armenia"
"Best Eastern Hotel Metropol","Booking.com",105,1,0,1,0,0,0,0,"https://www.tripadvisor.com/Hotel_Review-g293932-d308339-Reviews-Best_Eastern_Hotel_Metropol-Yerevan.html",30500,63," 3.5 ","Mashtots M. ave 2/2, Yerevan 0015, Armenia"
"Art Hotel","Booking.com",35,1,0,0,1,0,0,0,"https://www.tripadvisor.com/Hotel_Review-g293932-d8112220-Reviews-Art_Hotel-Yerevan.html",13333,28," 4.5 ","Zavaryan str. 173, Yerevan 0070, Armenia"
"Nork Residence Hotel","Booking.com",27,1,0,0,1,0,0,0,"https://www.tripadvisor.com/Hotel_Review-g293932-d1818280-Reviews-Nork_Residence_Hotel-Yerevan.html",22500,46," 3.5 ","Moldovakan str. 56/1, Yerevan 0062, Armenia "
"Aquatek Resort and SPA","Booking.com",34,1,0,0,1,0,0,0,"https://www.tripadvisor.com/Hotel_Review-g293932-d2288712-Reviews-Aquatek_Resort_and_SPA-Yerevan.html",24148,50," 3.5 ","Myasnikyana ave 40/2, Yerevan 0025, Armenia"
"RIS Dalma Collection Yerevan","Booking.com",1,1,0,0,1,0,0,0,"https://www.tripadvisor.com/Hotel_Review-g293932-d14189004-Reviews-RIS_Dalma_Collection_Yerevan-Yerevan.html",40000,83," 5.0 ","Tsitsernakaberd Highway, 1/3, Yerevan 0082, Armenia"
"Bomo Nairi Hotel","Booking.com",68,1,0,0,1,0,0,0,"https://www.tripadvisor.com/Hotel_Review-g293932-d622382-Reviews-Bomo_Nairi_Hotel-Yerevan.html",23752,49,NA,NA
"L'image Art Hotel","Booking.com",2,0,1,0,0,0,0,0,"https://www.tripadvisor.com/Hotel_Review-g293932-d14780154-Reviews-L_image_Art_Hotel-Yerevan.html",27590,57," 4.5 ","Pavstos Buzand street, Building 1, 1/1, Yerevan 0068, Armenia"
"Golden Palace Boutique Hotel","Booking.com",5,1,0,0,1,0,0,0,"https://www.tripadvisor.com/Hotel_Review-g293932-d13457134-Reviews-Golden_Palace_Boutique_Hotel-Yerevan.html",59992,124," 5.0 ","11 Northern Avenue, Yerevan 0010, Armenia"
"Armenian Royal Palace Hotel","Booking.com",53,1,0,0,1,0,0,0,"https://www.tripadvisor.com/Hotel_Review-g293932-d1200811-Reviews-Armenian_Royal_Palace_Hotel-Yerevan.html",29167,60," 3.5 ","4-th St., 17/1 | Silikyan district, Yerevan 0029, Armenia"
"Ararat hotel","Agoda.com",86,1,0,0,1,0,0,0,"https://www.tripadvisor.com/Hotel_Review-g293932-d308332-Reviews-Ararat_hotel-Yerevan.html",30268,63," 3.5 ","Lusavorich G. str. 7, Yerevan 0015, Armenia"
"The Alexander Hotel, a Luxury Collection Hotel, Yerevan","Expedia.com",7,1,0,1,0,0,0,0,"https://www.tripadvisor.com/Hotel_Review-g293932-d13950040-Reviews-The_Alexander_Hotel_a_Luxury_Collection_Hotel_Yerevan-Yerevan.html",115200,238," 4.5 ","Abovyan str. 3/4, Yerevan 0001, Armenia"
"Forum Hotel","Expedia.com",37,1,0,0,1,0,0,0,"https://www.tripadvisor.com/Hotel_Review-g293932-d6206559-Reviews-Forum_Hotel-Yerevan.html",29083,60," 4.0 ","Paronyana str. 19/3, Yerevan 0015, Armenia"
"Armenia Hostel","Booking.com",25,1,0,0,1,0,0,0,"https://www.tripadvisor.com/Hotel_Review-g293932-d3869569-Reviews-Armenia_Hostel-Yerevan.html",6660,14," 4.5 ","Moldovakan St., 29/6-3, Yerevan 0096, Armenia"
"Amber","Booking.com",11,1,0,0,1,0,0,0,"https://www.tripadvisor.com/Hotel_Review-g293932-d7134404-Reviews-Amber-Yerevan.html",26667,55," 4.5 ","Myasnikyana ave 1/6, Yerevan 0025, Armenia"
"Latar Hotel","Expedia.com",19,1,0,0,1,0,0,0,"https://www.tripadvisor.com/Hotel_Review-g293932-d4176271-Reviews-Latar_Hotel-Yerevan.html",60042,124," 4.0 ","5th St., 58 | Silikyan district, Yerevan 0029, Armenia"
"Shirak Hotel","Expedia.com",156,1,1,0,0,0,0,0,"https://www.tripadvisor.com/Hotel_Review-g293932-d308341-Reviews-Shirak_Hotel-Yerevan.html",22624,47," 3.0 ","Khoryenatsi M. str. 13a, Yerevan 0010, Armenia"
"Venice Hotel","Booking.com",3,0,0,0,0,0,0,0,"https://www.tripadvisor.com/Hotel_Review-g293932-d9799421-Reviews-Venice_Hotel-Yerevan.html",19167,40," 4.0 ","Movses Khorenaci Street 217/19, Yerevan 0008, Armenia"
"Druzhba Hostel","Booking.com",1,1,0,0,1,0,0,0,"https://www.tripadvisor.com/Hotel_Review-g293932-d10235677-Reviews-Druzhba_Hostel-Yerevan.html",8325,17," 5.0 ","Avyetisyan A. 15/1, Yerevan 0033, Armenia"
"Mirage Hotel","Booking.com",6,1,0,0,1,0,0,0,"https://www.tripadvisor.com/Hotel_Review-g293932-d8337431-Reviews-Mirage_Hotel-Yerevan.html",20000,41," 4.5 ","Khudyakova marshala str. 4, Yerevan 0063, Armenia"
"City Centre Apartments","Expedia.com",1,1,0,0,0,0,0,0,"https://www.tripadvisor.com/Hotel_Review-g293932-d12594723-Reviews-City_Centre_Apartments-Yerevan.html",25000,52," 5.0 ","Mashtots M. ave 13, Yerevan 0002, Armenia "
"No Problem Hotel","Booking.com",0,1,0,0,1,0,0,0,"https://www.tripadvisor.com/Hotel_Review-g293932-d13820307-Reviews-No_Problem_Hotel-Yerevan.html",27492,57,"","Glinka str. 3, Yerevan 0005, Armenia "
"Motel Acapulco","Booking.com",2,0,0,0,0,0,0,0,"https://www.tripadvisor.com/Hotel_Review-g293932-d8284624-Reviews-Motel_Acapulco-Yerevan.html",8750,18," 1.5 ","Kajaznuni 14, Yerevan 0070, Armenia"
"Hobby Hotel","Expedia.com",0,1,0,0,1,0,0,0,"https://www.tripadvisor.com/Hotel_Review-g293932-d14791697-Reviews-Hobby_Hotel-Yerevan.html",23733,49,"","Saryan, 30, Yerevan 0061, Armenia "
"Bitlis","Booking.com",0,1,0,0,1,0,0,0,"https://www.tripadvisor.com/Hotel_Review-g293932-d14174703-Reviews-Bitlis-Yerevan.html",24992,52,"","Tbilisyan highway, 20/6, Yerevan 0052, Armenia"
"Tunn Kilikio","Booking.com",0,0,0,0,0,0,0,0,"https://www.tripadvisor.com/Hotel_Review-g293932-d14985760-Reviews-Tunn_Kilikio-Yerevan.html",21990,45,"","Tsitsernakaberd Highway 4/5, Yerevan 0082, Armenia "
"Avan Plaza","Booking.com",0,1,0,0,1,0,0,0,"https://www.tripadvisor.com/Hotel_Review-g293932-d10205943-Reviews-Avan_Plaza-Yerevan.html",20824,43,"","Gay ave 1/8, Yerevan 0096, Armenia"
"Black White","Booking.com",0,0,0,0,0,0,0,0,"https://www.tripadvisor.com/Hotel_Review-g293932-d13815435-Reviews-Black_White-Yerevan.html",12492,26,NA,NA
"Green Palace Hotel","Hotels.com",16,1,0,0,1,0,0,0,"https://www.tripadvisor.com/Hotel_Review-g293932-d3265300-Reviews-Green_Palace_Hotel-Yerevan.html",20040,41," 4.5 ","Myasnikyana ave 57, Yerevan 0025, Armenia"
"Nor Yerevan","Expedia.com",6,1,0,0,1,0,0,0,"https://www.tripadvisor.com/Hotel_Review-g293932-d12455767-Reviews-Nor_Yerevan-Yerevan.html",20040,41," 3.5 ","Arami str. 42, Yerevan 0010, Armenia"
"Republic Square Boutique Hotel","Booking.com",10,1,0,0,1,0,0,0,"https://www.tripadvisor.com/Hotel_Review-g293932-d11791693-Reviews-Republic_Square_Boutique_Hotel-Yerevan.html",17992,37," 4.0 ","Zaqyan St., 5/3, Yerevan 0002, Armenia"
"Palma Palace Hotel","Booking.com",5,0,0,0,0,0,0,0,"https://www.tripadvisor.com/Hotel_Review-g293932-d7727415-Reviews-Palma_Palace_Hotel-Yerevan.html",20833,43," 4.5 ","Myasnikyana ave 59, Yerevan 0025, Armenia"
"Nor Dzoraberd Hotel","Booking.com",7,1,0,0,0,0,0,1,"https://www.tripadvisor.com/Hotel_Review-g293932-d6864096-Reviews-Nor_Dzoraberd_Hotel-Yerevan.html",18000,37," 4.5 ","Dzorapi Street 19/4, Yerevan 0010, Armenia "
"Golden Eagle Guesthouse","Booking.com",10,0,0,0,0,0,0,0,"https://www.tripadvisor.com/Hotel_Review-g293932-d3870831-Reviews-Golden_Eagle_Guesthouse-Yerevan.html",15000,31," 4.5 ","Sosye str. 24/2, Yerevan 0019, Armenia"
"Guest House at Aygestana","Booking.com",3,0,0,0,0,0,0,0,"https://www.tripadvisor.com/Hotel_Review-g293932-d8651814-Reviews-Guest_House_at_Aygestana-Yerevan.html",12500,26," 5.0 ","Aygyestan 1 str. 11, Yerevan 0025, Armenia"
"Park Apartments by Picnic","Booking.com",11,1,0,0,1,0,0,0,"https://www.tripadvisor.com/Hotel_Review-g293932-d5322339-Reviews-Park_Apartments_by_Picnic-Yerevan.html",20250,42," 5.0 ","Arami str. 70, Yerevan 0002, Armenia"
"Aram Guest House","Booking.com",7,0,0,0,0,0,0,0,"https://www.tripadvisor.com/Hotel_Review-g293932-d6681700-Reviews-Aram_Guest_House-Yerevan.html",8333,17," 4.5 ","2nd Side 18 Kiyevyan str., Yerevan 0028, Armenia "
"Inter Hostel","Booking.com",15,1,0,0,1,0,0,0,"https://www.tripadvisor.com/Hotel_Review-g293932-d8336389-Reviews-Inter_Hostel-Yerevan.html",6750,14," 4.0 ","Tolstoy St., 49, Yerevan 0010, Armenia"
"Miami International Suite Hotel","Booking.com",9,0,0,0,0,0,0,0,"https://www.tripadvisor.com/Hotel_Review-g293932-d10786964-Reviews-Miami_International_Suite_Hotel-Yerevan.html",10825,22," 4.0 ","Bagratunyants str. 3, Yerevan 0039, Armenia"
"Tora Palace","Booking.com",8,0,0,0,0,0,0,0,"https://www.tripadvisor.com/Hotel_Review-g293932-d5488907-Reviews-Tora_Palace-Yerevan.html",26091,54," 4.0 ","Prosh'yana str. 4, Yerevan 0019, Armenia "
"Guest House West Yerevan","Booking.com",5,1,0,0,1,0,0,0,"https://www.tripadvisor.com/Hotel_Review-g293932-d10502794-Reviews-Guest_House_West_Yerevan-Yerevan.html",9908,20," 5.0 ","Sporta str. 23, Yerevan 0031, Armenia"
"Master's House Dayan","Expedia.com",6,1,0,0,1,0,0,0,"https://www.tripadvisor.com/Hotel_Review-g293932-d10817665-Reviews-Master_s_House_Dayan-Yerevan.html",32448,67," 5.0 ","Lusinyants 11, Yerevan 0082, Armenia"
"Zebra Art Hostel","Booking.com",6,1,0,0,1,0,0,0,"https://www.tripadvisor.com/Hotel_Review-g293932-d9553412-Reviews-Zebra_Art_Hostel-Yerevan.html",7075,15," 4.5 ","Gyulbyekyan str. 19, Yerevan 0019, Armenia"
"Republic Square Hostel","Booking.com",6,1,0,0,1,0,0,0,"https://www.tripadvisor.com/Hotel_Review-g293932-d11771505-Reviews-Republic_Square_Hostel-Yerevan.html",10825,22," 4.0 ","3 Pushkin Street, Yerevan 8910, Armenia"
"Praha Hotel","Agoda.com",7,0,0,0,0,0,0,0,"https://www.tripadvisor.com/Hotel_Review-g293932-d9603327-Reviews-Praha_Hotel-Yerevan.html",18332,38," 4.5 ","str. Tumanyan 22, Yerevan 0001, Armenia"
"Arm Hostel","Booking.com",16,1,1,0,0,0,0,0,"https://www.tripadvisor.com/Hotel_Review-g293932-d10052301-Reviews-Arm_Hostel-Yerevan.html",10417,22," 4.0 ","Mashtots 29,10/1 | FrontEntry Door is next to VORSORD SHOP, Yerevan 0002, Armenia"
"My Apartments Yerevan","Expedia.com",7,0,0,0,0,0,0,0,"https://www.tripadvisor.com/Hotel_Review-g293932-d12288288-Reviews-My_Apartments_Yerevan-Yerevan.html",22652,47," 4.0 ","Abovyan str. 34, Yerevan 0009, Armenia"
"Rafael Hostel","Booking.com",21,1,0,0,1,0,0,0,"https://www.tripadvisor.com/Hotel_Review-g293932-d10269272-Reviews-Rafael_Hostel-Yerevan.html",2916,6," 4.0 ","3 Teryan st., Apt. 31, Yerevan 0010, Armenia"
"Villa Rosa","Expedia.com",14,1,0,0,1,0,0,0,"https://www.tripadvisor.com/Hotel_Review-g293932-d6215394-Reviews-Villa_Rosa-Yerevan.html",8083,17," 4.0 ","James Bryce St., 13, Yerevan 0019, Armenia"
"Park Avenue","Booking.com",9,0,0,0,0,0,0,0,"https://www.tripadvisor.com/Hotel_Review-g293932-d6196957-Reviews-Park_Avenue-Yerevan.html",15417,32," 4.0 ","Tevosyana St., 21/5, Yerevan, Armenia"
"4Guest Hotel","Agoda.com",2,1,0,0,1,0,0,0,"https://www.tripadvisor.com/Hotel_Review-g293932-d13485222-Reviews-4Guest_Hotel-Yerevan.html",12860,27,NA,NA
"5 Rooms","Booking.com",3,0,0,0,0,0,0,0,"https://www.tripadvisor.com/Hotel_Review-g293932-d12916039-Reviews-5_Rooms-Yerevan.html",19158,40," 4.5 ","21 Gevorg Kochar Street, Yerevan 0009, Armenia"
"Apri Hostel","Booking.com",2,1,0,0,1,0,0,0,"https://www.tripadvisor.com/Hotel_Review-g293932-d13493137-Reviews-Apri_Hostel-Yerevan.html",9825,20," 5.0 ","prospekt Marshala Bagramyana 3a | проспект Маршала Баграмяна 3а, Yerevan 0019, Armenia"
"Kesabella Touristic House","Expedia.com",4,1,0,0,1,0,0,0,"https://www.tripadvisor.com/Hotel_Review-g293932-d7059740-Reviews-Kesabella_Touristic_House-Yerevan.html",12125,25," 4.5 ","Yerevanian St., 3, Yerevan 0088, Armenia"
"Bien Hotel","Booking.com",2,1,0,0,1,0,0,0,"https://www.tripadvisor.com/Hotel_Review-g293932-d14029725-Reviews-Bien_Hotel-Yerevan.html",22500,46," 5.0 ","Ayasa str. 72/1, Yerevan 0082, Armenia "
"FlatsInYerevan","Booking.com",12,1,0,0,0,0,0,0,"https://www.tripadvisor.com/Hotel_Review-g293932-d7179599-Reviews-FlatsInYerevan-Yerevan.html",19167,40," 4.5 ","Vardanantsa str. 5A, Yerevan 0010, Armenia "
"Holiday Hotel & Hostel By Picnic","Agoda.com",4,0,0,0,0,0,0,0,"https://www.tripadvisor.com/Hotel_Review-g293932-d10515454-Reviews-Holiday_Hotel_Hostel_By_Picnic-Yerevan.html",15254,32," 4.5 ","Yekmalyan str. 1, Yerevan 0002, Armenia"
"Guest House 1","Booking.com",2,1,0,0,1,0,0,0,"https://www.tripadvisor.com/Hotel_Review-g293932-d12928426-Reviews-Guest_House_1-Yerevan.html",12492,26," 5.0 ","7.Sayat Nova str. 23/28, Yerevan 0060, Armenia"
"Mini Hostel Tigranyan 5","Booking.com",4,1,0,0,1,0,0,0,"https://www.tripadvisor.com/Hotel_Review-g293932-d10454255-Reviews-Mini_Hostel_Tigranyan_5-Yerevan.html",9790,20," 5.0 ","Tigranyan 5, 38 | 1st Floor, Yerevan 0032, Armenia"
"Prime Hostel Domino","Booking.com",17,1,0,0,0,0,0,0,"https://www.tripadvisor.com/Hotel_Review-g293932-d10309061-Reviews-Prime_Hostel_Domino-Yerevan.html",11242,23," 3.5 ","Nalbandyan str. 31, Yerevan 0010, Armenia"
"Radiance Hostel and Tours","Booking.com",2,0,0,0,0,0,0,0,"https://www.tripadvisor.com/Hotel_Review-g293932-d13495955-Reviews-Radiance_Hostel_and_Tours-Yerevan.html",6658,14," 5.0 ","Mher Mkrtchyan Street 01, Yerevan 0010, Armenia"
"Freedom Armenia","Agoda.com",2,1,1,0,0,0,0,0,"https://www.tripadvisor.com/Hotel_Review-g293932-d13085428-Reviews-Freedom_Armenia-Yerevan.html",20040,41," 5.0 ","31 Moskovyan pokhoc, Yerevan 0001, Armenia"
"Hotel Lilia Yerevan","Booking.com",7,0,0,0,0,0,0,0,"https://www.tripadvisor.com/Hotel_Review-g293932-d12011121-Reviews-Hotel_Lilia_Yerevan-Yerevan.html",23192,48," 4.5 ","Mashtots St.,14/4, Yerevan 0015, Armenia"
"Hostel Out Of Dreams","Booking.com",2,1,0,0,1,0,0,0,"https://www.tripadvisor.com/Hotel_Review-g293932-d12394042-Reviews-Hostel_Out_Of_Dreams-Yerevan.html",9890,20," 4.5 ","Tumanyan O. str. 27, Yerevan 0002, Armenia"
"Cherry Hotel","Booking.com",3,0,0,0,0,0,0,0,"https://www.tripadvisor.com/Hotel_Review-g293932-d8356690-Reviews-Cherry_Hotel-Yerevan.html",12000,25," 4.0 ","Leningradyan Street 25, Yerevan 0099, Armenia"
"Balcon Boutique Hotel","Booking.com",6,1,0,0,1,0,0,0,"https://www.tripadvisor.com/Hotel_Review-g293932-d12462488-Reviews-Balcon_Boutique_Hotel-Yerevan.html",24992,52," 3.5 ","Amiryan str. 8, Yerevan 0010, Armenia"
"Aurora Hotel & Hostel","Agoda.com",1,1,0,0,1,0,0,0,"https://www.tripadvisor.com/Hotel_Review-g293932-d11668603-Reviews-Aurora_Hotel_Hostel-Yerevan.html",21183,44," 5.0 ","Aygestan St., 9/8, Yerevan 0011, Armenia"
"ApartHotel Arshakunyants","Agoda.com",1,0,0,0,0,0,0,0,"https://www.tripadvisor.com/Hotel_Review-g293932-d11622406-Reviews-ApartHotel_Arshakunyants-Yerevan.html",13332,28," 5.0 ","Arshakunyats ave 11, Yerevan 0023, Armenia"
"Hotel For You","Booking.com",1,0,0,0,0,0,0,0,"https://www.tripadvisor.com/Hotel_Review-g293932-d12504246-Reviews-Hotel_For_You-Yerevan.html",12492,26," 5.0 ","Kalents street 27, Yerevan 0010, Armenia"
"Guest House Komitas","Booking.com",1,0,0,0,0,0,0,0,"https://www.tripadvisor.com/Hotel_Review-g293932-d13085144-Reviews-Guest_House_Komitas-Yerevan.html",5825,12," 5.0 ","Kristapor Street 61, Yerevan 0018, Armenia"
"The Rooms Hostel Yerevan","Booking.com",1,0,0,0,0,0,0,0,"https://www.tripadvisor.com/Hotel_Review-g293932-d13854775-Reviews-The_Rooms_Hostel_Yerevan-Yerevan.html",11992,25," 5.0 ","53 Pavstos Buzand Street, Yerevan 0010, Armenia "
"Globus hostel &Tours","Booking.com",1,0,0,0,0,0,0,0,"https://www.tripadvisor.com/Hotel_Review-g293932-d13814183-Reviews-Globus_hostel_Tours-Yerevan.html",4492,9," 5.0 ","Tumanyan O. str. 10, Yerevan 0001, Armenia "
"Manand Hotel","Booking.com",1,0,0,0,0,0,0,0,"https://www.tripadvisor.com/Hotel_Review-g293932-d9794631-Reviews-Manand_Hotel-Yerevan.html",20000,41," 5.0 ","Paronyana str. 15, Yerevan 0015, Armenia"
"Comfort Hotel","Booking.com",7,0,0,0,0,0,0,0,"https://www.tripadvisor.com/Hotel_Review-g293932-d12600458-Reviews-Comfort_Hotel-Yerevan.html",19158,40," 3.5 ","Khorenatsi 3rd d/st, Yerevan 0025, Armenia"
"Hostel Glass Tower","Booking.com",3,1,1,0,0,0,0,0,"https://www.tripadvisor.com/Hotel_Review-g293932-d10151429-Reviews-Hostel_Glass_Tower-Yerevan.html",22167,46," 3.5 ","Sayat Novy str. 33 | Apartment 82, Yerevan 0001, Armenia"
"Tsghotner","Booking.com",1,0,0,0,0,0,0,0,"https://www.tripadvisor.com/Hotel_Review-g293932-d9771458-Reviews-Tsghotner-Yerevan.html",29167,60," 5.0 ","Zavaryan str. 97, Yerevan 0070, Armenia"
"Ani Hostel","Booking.com",5,1,0,0,1,0,0,0,"https://www.tripadvisor.com/Hotel_Review-g293932-d13295220-Reviews-Ani_Hostel-Yerevan.html",8324,17," 3.5 ","Tumanyan O. str. 38, Yerevan 0002, Armenia"
"Caucasus Wildlife Refuge","Booking.com",1,0,0,0,0,0,0,0,"https://www.tripadvisor.com/Hotel_Review-g293932-d7806536-Reviews-Caucasus_Wildlife_Refuge-Yerevan.html",25000,52," 5.0 ","Khanjian 47/1, apt 12, Yerevan 0001, Armenia"
"Moscow House Hotel","Booking.com",2,1,0,0,0,0,0,0,"https://www.tripadvisor.com/Hotel_Review-g293932-d1236230-Reviews-Moscow_House_Hotel-Yerevan.html",19833,41," 4.0 ","7 Argishti Str, Yerevan 3750037, Armenia"
"Thailand Centre","Booking.com",1,0,0,0,0,0,0,0,"https://www.tripadvisor.com/Hotel_Review-g293932-d14929193-Reviews-Thailand_Centre-Yerevan.html",5992,12," 4.0 ","Kochar Yervand str. 19/6, Yerevan 0070, Armenia"
"Guest House on Baghramyan","Booking.com",1,0,0,0,0,0,0,0,"https://www.tripadvisor.com/Hotel_Review-g293932-d12500758-Reviews-Guest_House_on_Baghramyan-Yerevan.html",8325,17,NA,NA
"Art Guesthouse Yerevan","Booking.com",1,0,0,0,0,0,0,0,"https://www.tripadvisor.com/Hotel_Review-g293932-d12269676-Reviews-Art_Guesthouse_Yerevan-Yerevan.html",8742,18," 4.0 ","Bagramyan Marshal ave 57, Yerevan 0033, Armenia"
"Hotel Ritzar","Booking.com",2,0,0,1,0,0,0,0,"https://www.tripadvisor.com/Hotel_Review-g293932-d6857101-Reviews-Hotel_Ritzar-Yerevan.html",16667,34," 3.5 ","Myasnikyan Side Street, Yerevan 0100, Armenia "
"Argavand Hotel & Restaurant Complex","Booking.com",2,0,0,0,0,0,0,0,"https://www.tripadvisor.com/Hotel_Review-g293932-d7930468-Reviews-Argavand_Hotel_Restaurant_Complex-Yerevan.html",6667,14," 3.5 ","Str. Tsovakal Isakov 81/4, Yerevan 0082, Armenia"
"Gyumri Hotel","Booking.com",2,1,0,0,1,0,0,0,"https://www.tripadvisor.com/Hotel_Review-g293932-d4288842-Reviews-Gyumri_Hotel-Yerevan.html",15000,31," 3.5 ","Lusinjan St., 1 | Kilikya, Yerevan 0081, Armenia "
"Cross Health Center","Expedia.com",1,0,0,0,0,0,0,0,"https://www.tripadvisor.com/Hotel_Review-g293932-d6537761-Reviews-Cross_Health_Center-Yerevan.html",21825,45," 3.0 ","Ashtaraki Highway 50-1, Yerevan 0088, Armenia"
"Shat LAV Hostel","Booking.com",1,1,0,0,1,0,0,0,"https://www.tripadvisor.com/Hotel_Review-g293932-d12690023-Reviews-Shat_LAV_Hostel-Yerevan.html",10742,22," 3.0 ","29/1 Tigran Mets Avenue, Yerevan 0070, Armenia"
"White House Hotel","Booking.com",1,1,0,0,0,0,0,1,"https://www.tripadvisor.com/Hotel_Review-g293932-d3640491-Reviews-White_House_Hotel-Yerevan.html",18182,38," 3.0 ","29 Ayvazovskii | Nor Aresh, Yerevan 350720, Armenia "
"Full House Hostel","Expedia.com",0,1,0,0,1,0,0,0,"https://www.tripadvisor.com/Hotel_Review-g293932-d12880527-Reviews-Full_House_Hostel-Yerevan.html",9700,20,"","Paronyana str. 28, Yerevan 0015, Armenia"
"Paronyan Hostel","Booking.com",0,1,0,0,1,0,0,0,"https://www.tripadvisor.com/Hotel_Review-g293932-d12669770-Reviews-Paronyan_Hostel-Yerevan.html",6658,14,"","Paronyana str. 16, Yerevan 0033, Armenia"
"VAN Hotel","Booking.com",1,0,0,0,0,0,0,0,"https://www.tripadvisor.com/Hotel_Review-g293932-d9464494-Reviews-VAN_Hotel-Yerevan.html",21667,45," 2.0 ","Tumanyan O. str. 23/1, Yerevan 0002, Armenia"
"Castel Dghyak Hotel","Booking.com",0,0,0,0,0,0,0,0,"https://www.tripadvisor.com/Hotel_Review-g293932-d7726699-Reviews-Castel_Dghyak_Hotel-Yerevan.html",15000,31,"","Acharyan str. 34, Yerevan 0040, Armenia"
"Grant Villa","Booking.com",0,0,0,0,0,0,0,0,"https://www.tripadvisor.com/Hotel_Review-g293932-d13284143-Reviews-Grant_Villa-Yerevan.html",21990,45,"","House 28 Aygyestan 9 str., Yerevan 0025, Armenia"
"Tatev Apartments","Agoda.com",1,0,0,0,0,0,0,0,"https://www.tripadvisor.com/Hotel_Review-g293932-d12518196-Reviews-Tatev_Apartments-Yerevan.html",13332,28," 5.0 ","Marshala Bagramyana St., 12, 1st Line, Yerevan 0063, Armenia"
"Country House Gyulbenkyan 10","Booking.com",0,0,0,0,0,0,0,0,"https://www.tripadvisor.com/Hotel_Review-g293932-d12700891-Reviews-Country_House_Gyulbenkyan_10-Yerevan.html",23325,48,"","Gyulbyekyan str. 10, Yerevan 0019, Armenia "
"Sil Plaza Hotel","Booking.com",2,1,0,1,0,0,0,0,"https://www.tripadvisor.com/Hotel_Review-g293932-d3372383-Reviews-Sil_Plaza_Hotel-Yerevan.html",25000,52," 3.0 ","Nar-Dos str. 2, Yerevan 0018, Armenia "
"Classy&Cozy Hostel","Booking.com",7,0,0,0,0,0,0,0,"https://www.tripadvisor.com/Hotel_Review-g293932-d12591933-Reviews-Classy_Cozy_Hostel-Yerevan.html",7492,15," 3.0 ","Kond str. 8, Yerevan 0002, Armenia"
"Rp Hotel","Booking.com",2,0,0,0,0,0,0,0,"https://www.tripadvisor.com/Hotel_Review-g293932-d8465555-Reviews-Rp_Hotel-Yerevan.html",9167,19," 2.5 ","Isakov admiral str. 9/2, Yerevan 0004, Armenia"
"Tetatet Hotel","Booking.com",1,0,0,0,0,0,0,0,"https://www.tripadvisor.com/Hotel_Review-g293932-d13310141-Reviews-Tetatet_Hotel-Yerevan.html",14992,31,NA,NA
"Voyage Hotel","Booking.com",1,0,0,0,0,0,0,0,"https://www.tripadvisor.com/Hotel_Review-g293932-d8043455-Reviews-Voyage_Hotel-Yerevan.html",23810,49,NA,NA
"Arba Hotel","Booking.com",1,0,0,0,0,0,0,0,"https://www.tripadvisor.com/Hotel_Review-g293932-d12103369-Reviews-Arba_Hotel-Yerevan.html",10790,22," 1.0 ","Sevan Street 114/1, Yerevan 0026, Armenia"
"Afina Hotel","Booking.com",1,0,0,0,0,0,0,0,"https://www.tripadvisor.com/Hotel_Review-g293932-d10630374-Reviews-Afina_Hotel-Yerevan.html",14992,31," 1.0 ","Kanaker 1, 1, House 35, Yerevan 0002, Armenia"
"Bella Hotel","Expedia.com",3,1,0,0,0,0,0,1,"https://www.tripadvisor.com/Hotel_Review-g293932-d6635845-Reviews-Bella_Hotel-Yerevan.html",13742,28," 2.0 ","Kochar Yervand str. 6, Yerevan 0070, Armenia "
"Old Yerevan Hostel and Tours","Booking.com",5,1,0,0,1,0,0,0,"https://www.tripadvisor.com/Hotel_Review-g293932-d11707421-Reviews-Old_Yerevan_Hostel_and_Tours-Yerevan.html",3325,7," 3.0 ","Paronyana str. 14/1, Yerevan 0015, Armenia"
"Baxos Hotel","Expedia.com",7,1,0,0,1,0,0,0,"https://www.tripadvisor.com/Hotel_Review-g293932-d8262842-Reviews-Baxos_Hotel-Yerevan.html",17263,36," 2.0 ","Koryun str. 5, Yerevan 0025, Armenia"
"Palma Hotel","Booking.com",0,1,0,0,0,0,0,1,"https://www.tripadvisor.com/Hotel_Review-g293932-d8343641-Reviews-Palma_Hotel-Yerevan.html",15000,31,"","Adonts N. str. 13/3, Yerevan 0014, Armenia"
"Hotel Bastille","Booking.com",0,1,0,0,1,0,0,0,"https://www.tripadvisor.com/Hotel_Review-g293932-d12682451-Reviews-Hotel_Bastille-Yerevan.html",24367,50,"","Arghutyan St., 8/3, Yerevan 0012, Armenia"
"Arm Home","Booking.com",0,0,0,0,0,0,0,0,"https://www.tripadvisor.com/Hotel_Review-g293932-d13848431-Reviews-Arm_Home-Yerevan.html",5750,12,"","Glinka str. 9 | Dvukhetazhnyy Zdaniye, Yerevan 0005, Armenia "
"Art Guesthouse Qanaqer","Booking.com",0,0,0,0,0,0,0,0,"https://www.tripadvisor.com/Hotel_Review-g293932-d12381405-Reviews-Art_Guesthouse_Qanaqer-Yerevan.html",7075,15,"","24 Tbilisyan Highway, Yerevan 0091, Armenia"
"Bloor Hotel","Booking.com",0,0,0,0,0,0,0,0,"https://www.tripadvisor.com/Hotel_Review-g293932-d13951764-Reviews-Bloor_Hotel-Yerevan.html",10990,23,"","Keru 67, Yerevan 0028, Armenia "
"Bungalo Inn","Booking.com",0,0,0,0,0,0,0,0,"https://www.tripadvisor.com/Hotel_Review-g293932-d7608569-Reviews-Bungalo_Inn-Yerevan.html",13185,27,"","Koryun str. 5, Yerevan 0025, Armenia "
"Centrium","Booking.com",0,0,0,0,0,0,0,0,"https://www.tripadvisor.com/Hotel_Review-g293932-d13372780-Reviews-Centrium-Yerevan.html",9158,19,"","Tumanyan Street 15 Bldg. 2, Yerevan 0010, Armenia"
"Compote","Booking.com",0,1,0,0,1,0,0,0,"https://www.tripadvisor.com/Hotel_Review-g293932-d14013442-Reviews-Compote-Yerevan.html",16658,34,"","Zarobyan YA. str. 38/1, Yerevan 0009, Armenia"
"Kamurj Apart Hotel","Booking.com",0,0,0,0,0,0,0,0,"https://www.tripadvisor.com/Hotel_Review-g293932-d11768914-Reviews-Kamurj_Apart_Hotel-Yerevan.html",29158,60,"","Dzoragyugh Azgagrakana 21/1, Yerevan 0063, Armenia"
"Hostel de Maria","Booking.com",0,0,0,0,0,0,0,0,"https://www.tripadvisor.com/Hotel_Review-g293932-d12536159-Reviews-Hostel_de_Maria-Yerevan.html",24783,51,"","1 Alikhanian Street Blind Alley 1, Yerevan 0019, Armenia"
"Kond guest house","Booking.com",0,0,0,0,0,0,0,0,"https://www.tripadvisor.com/Hotel_Review-g293932-d14905575-Reviews-Kond_guest_house-Yerevan.html",16658,34,"","Leo street, Yerevan 0002, Armenia "
"Hotel King","Booking.com",0,0,0,0,0,0,0,0,"https://www.tripadvisor.com/Hotel_Review-g293932-d10451796-Reviews-Hotel_King-Yerevan.html",16658,34,"","Sasuntsi David str. 76, Yerevan 0008, Armenia"
"Georgia Hotel","Booking.com",0,1,0,0,1,0,0,0,"https://www.tripadvisor.com/Hotel_Review-g293932-d9786922-Reviews-Georgia_Hotel-Yerevan.html",9167,19,"","Ashtarak Highway, 6, Yerevan 2415, Armenia"
"Musa Ler Hotel","Booking.com",0,0,0,0,0,0,0,0,"https://www.tripadvisor.com/Hotel_Review-g293932-d13073612-Reviews-Musa_Ler_Hotel-Yerevan.html",18265,38,"","1/7 Davit-Bek Street, Yerevan 0008, Armenia"
"Palazzo Hotel","Booking.com",0,0,0,0,0,0,0,0,"https://www.tripadvisor.com/Hotel_Review-g293932-d12641855-Reviews-Palazzo_Hotel-Yerevan.html",18890,39,"","Tbilisyan Highway, 1st lane, building 10/1, Yerevan 0052, Armenia"
"MBM Hotel","Booking.com",0,0,1,0,1,0,0,0,"https://www.tripadvisor.com/Hotel_Review-g293932-d13965226-Reviews-MBM_Hotel-Yerevan.html",13325,28,"","Kochar Yervand str. 19/8, Yerevan 0070, Armenia "
"Hotel Amaras","Booking.com",0,0,0,0,0,0,0,0,"https://www.tripadvisor.com/Hotel_Review-g293932-d13397965-Reviews-Hotel_Amaras-Yerevan.html",12492,26,"","46 Tairov Street, Yerevan 0082, Armenia"
"Hotel Enjoy","Booking.com",0,0,0,0,0,0,0,0,"https://www.tripadvisor.com/Hotel_Review-g293932-d12428417-Reviews-Hotel_Enjoy-Yerevan.html",16658,34,"","33 Baghramyan Street, Yerevan 0082, Armenia"
"New-Regence","Booking.com",0,0,0,0,0,0,0,0,"https://www.tripadvisor.com/Hotel_Review-g293932-d10030882-Reviews-New_Regence-Yerevan.html",18000,37,"","10/1 Davit Anhaght St, Yerevan 0014, Armenia"
"Magnoliya Butik-Hostel","Booking.com",0,0,0,0,0,0,0,0,"https://www.tripadvisor.com/Hotel_Review-g293932-d13414751-Reviews-Magnoliya_Butik_Hostel-Yerevan.html",10825,22,NA,NA
"Homestay on Sose 17","Booking.com",0,0,0,0,0,0,0,0,"https://www.tripadvisor.com/Hotel_Review-g293932-d12385341-Reviews-Homestay_on_Sose_17-Yerevan.html",14990,31,"","Sosye str. 17, Yerevan 0019, Armenia"
"Masiv Hostel","Booking.com",0,0,0,0,0,0,0,0,"https://www.tripadvisor.com/Hotel_Review-g293932-d7063615-Reviews-Masiv_Hostel-Yerevan.html",8750,18,NA,NA
"Monaco Plaza","Booking.com",0,0,0,0,0,0,0,0,"https://www.tripadvisor.com/Hotel_Review-g293932-d13386060-Reviews-Monaco_Plaza-Yerevan.html",24992,52,"","Anastas Mikoyan 151/6, Yerevan 0054, Armenia"
"The Doctor's House B&B","Booking.com",0,0,0,0,0,0,0,0,"https://www.tripadvisor.com/Hotel_Review-g293932-d12319090-Reviews-The_Doctor_s_House_B_B-Yerevan.html",12492,26,"","Apt. 58 Aygyestan 11 str., Yerevan 0025, Armenia"
"Guesthouse Na Ulice Orbeli","Booking.com",0,0,0,0,0,0,0,0,"https://www.tripadvisor.com/Hotel_Review-g293932-d10544194-Reviews-Guesthouse_Na_Ulice_Orbeli-Yerevan.html",5825,12,NA,NA
"Noy Hostel Yerevan","Booking.com",0,0,0,0,0,0,0,0,"https://www.tripadvisor.com/Hotel_Review-g293932-d13359376-Reviews-Noy_Hostel_Yerevan-Yerevan.html",5825,12,"","House 41 Aygyestan 9 str., Yerevan 0025, Armenia"
"GS House","Booking.com",0,0,0,0,0,0,0,0,"https://www.tripadvisor.com/Hotel_Review-g293932-d12599122-Reviews-GS_House-Yerevan.html",5408,11,"","3 Badal Muradian Street, Yerevan 0015, Armenia"
"The Place by J","Booking.com",0,0,0,0,0,0,0,0,"https://www.tripadvisor.com/Hotel_Review-g293932-d12999501-Reviews-The_Place_by_J-Yerevan.html",9992,21,"","Flat 27 Movses Khorenatsi Street, Yerevan 0100, Armenia"
"Dom","Booking.com",0,0,0,0,0,0,0,0,"https://www.tripadvisor.com/Hotel_Review-g293932-d14966245-Reviews-Dom-Yerevan.html",19990,41,"","Khachatryan 1st Lane | Verkhnii Les Aram, 9 House, Yerevan 0051, Armenia "
"Homey Guesthouse","Booking.com",0,0,0,0,0,0,0,0,"https://www.tripadvisor.com/Hotel_Review-g293932-d12842060-Reviews-Homey_Guesthouse-Yerevan.html",9990,21,"","12 Aygedzor Street, Yerevan 0019, Armenia"
"Karinitas Family Hostel","Booking.com",0,0,0,0,0,0,0,0,"https://www.tripadvisor.com/Hotel_Review-g293932-d10891048-Reviews-Karinitas_Family_Hostel-Yerevan.html",8324,17,"","Isahakyan Street 14 Apt 9, 2nd floor, Yerevan 0001, Armenia"
"Eger","Booking.com",0,0,0,0,0,0,0,0,"https://www.tripadvisor.com/Hotel_Review-g293932-d13982906-Reviews-Eger-Yerevan.html",14990,31,"","Davit-Bek Street 1/1, Yerevan 0008, Armenia "
"Fortune","Booking.com",0,0,0,0,0,0,0,0,"https://www.tripadvisor.com/Hotel_Review-g293932-d10817039-Reviews-Fortune-Yerevan.html",7492,15,"","Tairov Building 5, Yerevan 0082, Armenia"
"5. Element Hostel","Agoda.com",0,0,0,0,0,0,0,0,"https://www.tripadvisor.com/Hotel_Review-g293932-d12455033-Reviews-5_Element_Hostel-Yerevan.html",5741,12,"","Gai Avenue 57/1, Yerevan 0015, Armenia"
"Hostel in Yerevan","Booking.com",0,0,0,0,0,0,0,0,"https://www.tripadvisor.com/Hotel_Review-g293932-d14888373-Reviews-Hostel_in_Yerevan-Yerevan.html",4158,9,"","Lisinyan str. 88, Yerevan 0005, Armenia "
