"Names","Clubs","GP","GS","MP","TT","P","INT","BLK","GMB","TKL","OFF","C","CK"
" Illarramendi Asier A.","RSO",36,35,3163,7574,2218,44,75,0,64,0,81,5
" Messi Lionel L.","BAR",36,32,2996,7222,1534,8,10,0,10,13,98,44
" Banega Ever E.","SEV",31,25,2397,6531,1880,26,17,0,51,2,182,105
" Rodri","VIL",37,36,3228,6355,2164,58,45,0,60,2,8,0
" Rakitic Ivan I.","BAR",35,31,2838,6151,2241,39,48,0,26,3,72,48
" Parejo Dani D.","VAL",34,34,3005,5950,2097,29,52,0,71,2,193,173
" Ruiz Fabian F.","BET",34,30,2662,5802,1769,37,65,0,35,2,23,1
" Alba Jordi J.","BAR",33,30,2744,5339,2067,45,64,0,28,16,98,1
" Kroos Toni T.","RMD",27,26,2267,5321,1963,16,19,0,34,2,161,133
" Isco","RMD",30,21,1778,5280,1354,9,10,0,11,6,112,49
" Lobotka Stanislav S.","CEL",38,34,3061,5226,1818,41,39,0,36,0,14,0
" Mandi Aissa A.","BET",34,34,3025,5110,1957,57,71,0,51,1,5,0
" Jonny","CEL",36,36,3203,5100,1737,67,92,0,59,1,60,0
" Koke","ATL",35,33,2762,4964,1698,27,52,0,51,1,167,99
" Marcelo","RMD",28,26,2262,4939,1549,29,43,0,24,3,162,12
" Busquets Sergio S.","BAR",31,30,2600,4874,1952,27,63,0,57,0,4,0
" Sisto Pione P.","CEL",34,31,2534,4867,854,16,22,0,4,10,92,26
" Odriozola Alvaro A.","RSO",35,32,2917,4824,1451,22,54,0,23,9,177,2
" Pique Gerard G.","BAR",30,29,2633,4775,1569,44,48,0,24,3,3,0
" Trigueros Manuel M.","VIL",34,32,2709,4760,1608,38,36,0,44,1,103,51
" Mallo Hugo H.","CEL",34,34,3004,4756,1630,46,63,0,46,5,132,0
" Juanfran","DEP",35,34,3058,4664,1312,41,91,0,28,1,174,2
" Viera Jonathan J.",NA,23,23,1994,4636,1240,6,19,0,22,3,101,44
" Roberto Sergi S.","BAR",30,24,2224,4586,1620,45,40,0,22,1,63,0
" Saul","ATL",36,35,3157,4541,1417,54,78,0,70,6,25,1
" Iniesta Andres A.","BAR",30,25,1842,4518,1342,17,21,0,12,0,34,1
" Kondogbia Geoffrey G.","VAL",31,30,2617,4512,1379,58,55,0,78,1,8,0
" Lopez David D.","ESP",37,37,3330,4368,1518,70,55,0,50,2,9,0
" Campana Jose J.","LEV",35,33,2742,4299,1289,58,49,0,30,1,128,77
" Modric Luka L.","RMD",26,23,1976,4285,1384,20,19,0,17,0,32,6
" Gaya","VAL",34,33,2917,4285,1311,47,78,0,43,5,123,2
" Garcia Borja B.","GIR",37,34,2812,4257,1131,25,45,0,18,0,118,46
" Guardado Andres A.","BET",29,25,2266,4197,1275,25,32,0,31,2,89,42
" Amat Jordi J.","BET",25,24,2051,4186,1384,36,40,0,17,0,0,0
" Carvajal Dani D.","RMD",25,25,2223,4168,1583,44,52,0,27,3,120,0
" Granell Alex A.","GIR",34,33,2853,4130,1401,39,60,0,48,0,208,87
" Darder Sergi S.","ESP",35,32,2788,4127,1192,40,44,0,47,0,69,22
" Rosales Roberto R.","MAG",35,35,3125,4115,1362,51,75,0,62,3,184,42
" Joaquin","BET",35,29,2487,4092,1074,25,24,0,13,5,106,60
" Ramos Sergio S.","RMD",26,26,2290,4083,1658,60,42,0,31,5,14,0
" Gabi","ATL",34,25,2346,4068,1447,55,30,0,53,1,67,24
" Umtiti Samuel S.","BAR",25,24,2189,4054,1425,37,29,0,27,4,2,1
" Mario","VIL",32,31,2805,4018,1422,56,98,0,56,3,78,0
" Aspas Iago I.","CEL",34,33,2937,4013,976,18,27,0,15,11,80,31
" Luisinho","DEP",30,29,2622,3991,1228,30,77,0,72,2,95,0
" Canales Sergio S.","RSO",36,20,1921,3987,1046,10,26,0,21,0,170,98
" N'Zonzi Steven S.","SEV",27,26,2215,3987,1559,26,37,0,17,2,11,0
" Lenglet Clement C.","SEV",35,33,3002,3884,1396,54,58,0,46,1,4,0
" Partey Thomas T.","ATL",33,28,2379,3865,1181,46,38,0,47,0,22,5
" Guedes Goncalo G.","VAL",33,27,2441,3863,733,12,24,0,29,10,81,5
"Morales Jose Luis  J.","LEV",35,35,3065,3840,627,28,43,0,17,9,173,20
"Garcia Javi  J.","BET",32,27,2410,3836,1504,40,34,0,19,1,0,0
"Casemiro ","RMD",30,30,2601,3823,1513,55,63,0,78,2,15,0
"Asensio Marco  M.","RMD",32,19,1839,3808,1051,16,17,0,13,3,123,49
"Costa Jaume  J.","VIL",30,29,2541,3796,1288,45,68,0,48,0,91,1
"Nunez Unai  U.","ATH",33,33,2942,3788,1188,66,66,0,62,0,5,0
"Llorente Diego  D.","RSO",27,26,2328,3784,1298,52,52,1,26,0,5,0
"Fornals Pablo  P.","VIL",35,30,2623,3760,1025,19,28,0,26,2,62,11
"Arbilla Anaitz  A.","EIB",29,26,2411,3750,1198,74,42,0,20,0,14,2
"Castillejo Samu  S.","VIL",30,25,2083,3749,770,27,51,0,15,7,120,75
"Wass Daniel  D.","CEL",35,34,2938,3702,1230,27,42,0,19,11,174,73
"Gomez Sergi  S.","CEL",33,31,2682,3690,1405,44,42,0,35,2,4,0
"Escudero Sergio  S.","SEV",27,26,2332,3689,1301,32,62,0,53,1,59,1
"Perez Ruben  R.","LGN",31,29,2520,3687,1132,57,71,0,55,0,16,2
"Martinez Inigo  I.","ATH",28,28,2496,3681,1190,55,31,2,44,3,34,0
"Mojica Johan  J.","GIR",30,22,2131,3616,848,38,45,0,27,6,140,1
"Moreno Gerard  G.","ESP",38,38,3413,3562,791,32,32,0,21,35,67,1
"Sarabia Pablo  P.","SEV",34,27,2398,3508,843,26,52,0,19,21,133,44
"Maffeo Pablo  P.","GIR",33,32,2650,3405,883,41,68,0,38,1,130,2
"Cote Jose Angel  J.","EIB",30,28,2430,3396,1004,52,53,1,26,1,210,40
"Capa ","EIB",33,25,2247,3388,1040,54,36,0,25,6,90,0
"Guilherme ","DEP",31,31,2643,3370,1180,33,52,0,38,0,33,20
"Oyarzabal Mikel  M.","RSO",35,31,2779,3362,724,6,55,0,20,17,120,62
"Paulinho ","BAR",34,21,1939,3342,1050,13,30,0,24,4,7,0
"Martin Aaron  A.","ESP",32,31,2815,3321,1079,50,62,0,31,0,156,16
"Barragan Antonio  A.","BET",29,28,2377,3299,1270,31,47,0,40,4,103,1
"Suarez Damian  D.","GET",33,33,2878,3298,1184,77,54,0,45,1,132,45
"Lekue Inigo  I.","ATH",32,22,2104,3291,907,23,47,0,21,1,78,0
"Alvaro ","VIL",33,32,2899,3287,1211,74,44,0,30,3,9,0
"Navarro Ximo  X.","LP",31,29,2606,3283,1086,45,53,0,39,0,11,0
"Pires Gabriel  G.","LGN",29,28,2383,3265,794,26,54,0,61,2,31,0
"Semedo Nelson  N.","BAR",24,17,1495,3236,988,20,21,0,25,3,26,0
"Garcia Dani  D.","EIB",32,32,2781,3230,1288,57,45,0,48,0,13,1
"Inui Takashi  T.","EIB",34,31,2640,3216,710,25,35,0,16,5,72,12
"Filipe Luis ","ATL",20,19,1660,3167,978,37,45,0,58,1,50,1
"Hernandez Pablo  P.","CEL",30,18,1812,3162,992,24,33,0,17,8,11,0
"Portillo ","GET",33,28,2465,3161,736,25,43,0,16,2,47,9
"Ruiz Victor  V.","VIL",27,27,2417,3155,1134,65,40,0,32,0,1,0
"Soler Carlos  C.","VAL",33,27,2374,3146,793,15,31,0,31,1,70,3
"Correa Angel  A.","ATL",37,27,2262,3135,647,29,36,0,24,6,57,3
"Paulista Gabriel  G.","VAL",30,29,2584,3114,1158,69,54,0,34,0,2,0
"Susaeta ","ATH",34,26,2268,3109,746,22,27,0,17,9,189,87
"Zurutuza ","RSO",31,26,2248,3074,983,16,52,0,29,1,18,1
"Coutinho Philippe  P.","BAR",18,16,1303,3066,718,6,11,0,17,8,61,51
"Varane Raphael  R.","RMD",27,27,2323,3063,1163,60,31,0,12,0,3,0
"Aday ","GIR",31,20,1833,3053,732,27,27,0,9,6,133,2
"Antunes ","GET",34,31,2797,3053,866,52,65,0,31,1,173,51
"Sanchez Victor  V.","ESP",30,29,2463,3025,997,64,51,0,67,0,84,9
"Hernandez Luis  L.","MAG",36,36,3240,3009,1106,97,49,0,33,3,20,0
"Pizarro Guido  G.","SEV",24,19,1754,3003,1059,33,34,0,54,0,5,0
"Navas Jesus  J.","SEV",26,20,1762,2992,694,14,27,0,18,8,109,3
"Rodrigo ","VAL",37,31,2695,2983,672,12,14,0,11,20,44,2
"Jordan Joan  J.","EIB",35,25,2422,2983,969,38,26,0,19,5,118,64
"Vazquez Franco  F.","SEV",30,22,1845,2959,674,20,13,0,30,9,46,2
"Williams Inaki  I.","ATH",38,31,2851,2953,529,8,34,0,11,27,86,0
"Adrian ","DEP",30,26,2346,2932,597,11,27,0,9,12,53,2
"Vazquez Lucas  L.","RMD",33,16,1668,2888,800,7,27,0,28,12,116,21
"Zaldua Joseba  J.","LGN",30,29,2561,2879,935,26,76,0,32,2,95,0
"Ronaldo Cristiano  C.","RMD",27,27,2292,2869,606,6,13,0,4,41,42,4
"Juanpe ","GIR",35,34,3064,2866,975,72,47,0,42,1,7,0
"Cabral Gustavo  G.","CEL",26,20,1890,2843,1098,29,32,0,32,1,0,0
"Godin Diego  D.","ATL",30,28,2554,2833,1015,52,42,0,46,5,0,0
"Rico Diego  D.","LGN",26,26,2229,2829,924,49,87,0,41,4,151,27
"Castellano Dani  D.","LP",24,23,2027,2823,837,24,65,0,36,4,43,0
"Navas Raul  R.","RSO",20,20,1792,2817,1021,29,32,0,14,0,4,0
"Griezmann Antoine  A.","ATL",32,30,2529,2812,791,19,16,0,23,25,60,18
"Macedo Michel  M.","LP",28,26,2136,2799,966,22,36,0,25,6,65,0
"Suarez Luis  L.","BAR",33,32,2899,2788,802,11,8,0,11,56,50,1
"Montoya Martin  M.","VAL",25,24,2152,2779,1017,35,62,0,55,1,69,0
"Portu ","GIR",37,35,3010,2777,465,12,23,0,14,24,86,0
"Roncaglia Facundo  F.","CEL",21,17,1492,2764,909,19,26,0,12,1,7,0
"Iturraspe Ander  A.","ATH",30,20,1903,2750,928,38,40,0,18,0,85,38
"Durmisi Riza  R.","BET",24,23,2080,2743,865,26,50,0,21,2,83,4
"Castro Chory  C.","MAG",26,26,2075,2742,659,14,34,0,20,3,155,35
"Prieto Xabi  X.","RSO",26,24,1940,2739,816,11,12,0,9,4,75,15
"Borges Celso  C.","DEP",32,26,2306,2736,887,18,57,0,27,3,21,1
"Recio ","MAG",22,21,1841,2722,808,29,23,0,39,1,90,42
"Galvez Alejandro  A.","LP",22,22,1979,2721,882,45,38,0,47,5,4,0
"Bartra Marc  M.","BET",16,16,1421,2671,904,24,37,0,19,0,4,0
"Lerma Jefferson  J.","LEV",26,25,2137,2654,877,48,48,0,34,0,5,0
"Januzaj Adnan  A.","RSO",28,18,1579,2649,423,7,16,0,11,6,77,32
"Ibai ","ALA",34,26,2324,2635,618,21,27,0,9,8,189,81
"El Haddadi Munir  M.","ALA",33,28,2456,2611,461,7,20,0,11,44,93,33
"Rolan Diego  D.","MAG",26,21,1944,2589,467,10,29,0,15,17,35,1
"Nacho ","RMD",27,22,2073,2566,1036,32,33,0,33,0,26,0
"Ter Stegen Marc-Andre  M.","BAR",37,37,3330,2560,926,5,2,0,0,0,0,0
"Elustondo Aritz  A.","RSO",19,18,1598,2555,849,21,25,0,20,3,11,0
"Hernandez Lucas  L.","ATL",27,24,2116,2546,878,40,52,0,58,4,22,0
"Pons Pere  P.","GIR",31,30,2564,2526,796,57,27,0,32,0,9,5
"Garcia Manu  M.","ALA",30,27,2438,2497,722,43,53,0,47,5,13,0
"Schar Fabian  F.","DEP",25,25,2220,2491,749,43,52,0,38,4,2,0
"Molina Jorge  J.","GET",36,31,2790,2490,479,12,18,0,10,39,30,0
"Ivi ","LEV",29,17,1759,2483,439,12,37,0,18,4,106,28
"N'Diaye Diedhiou Amath  A.","GET",37,36,2883,2478,403,48,48,0,41,9,41,0
"Adrian ","MAG",29,27,2312,2462,833,29,28,0,29,2,21,1
"Fajr Faycal  F.","GET",31,26,2383,2460,718,53,34,0,38,1,137,55
"Amrabat Noureddine  N.","LGN",30,17,1620,2452,302,3,25,0,5,24,73,3
"Espinosa Bernardo  B.","GIR",34,32,2868,2449,917,81,33,0,20,3,5,0
"Perez Lucas  L.","DEP",35,31,2796,2447,624,11,16,0,7,37,189,107
"Zubeldia Igor  I.","RSO",25,16,1578,2444,808,14,37,0,21,1,11,1
"Benzema Karim  K.","RMD",32,25,2156,2441,695,11,12,0,8,16,24,0
"Djene ","GET",36,36,3239,2438,689,141,48,0,55,1,12,0
"Tana ","LP",24,16,1553,2432,695,14,23,0,16,0,62,40
"Pina ","ALA",30,28,2392,2429,781,35,41,0,42,1,8,0
"Pedraza Alfonso  A.","ALA",33,27,2441,2420,452,26,41,0,33,5,98,2
"Garcia Raul  R.","ATH",34,30,2637,2400,487,14,60,0,55,15,46,1
"Bale Gareth  G.","RMD",26,20,1803,2400,582,9,20,0,11,13,68,1
"El Zhar Nabil  N.","LGN",30,20,1981,2387,452,11,27,0,0,6,83,11
"Colak Emre  E.","DEP",26,17,1452,2376,659,8,5,0,9,2,81,30
"Vitolo ","ATL",23,16,1309,2376,527,6,32,0,14,5,25,1
"Willian Jose ","RSO",34,32,2780,2354,594,11,13,0,3,20,22,1
"Ely Rodrigo  R.","ALA",31,30,2692,2353,712,53,58,0,27,2,2,0
"Mercado Gabriel  G.","SEV",26,25,2122,2353,865,57,50,0,41,6,22,0
"Boudebouz Ryad  R.","BET",27,15,1361,2345,654,8,20,0,15,1,63,24
"Calleri Jonathan  J.","LP",37,34,3111,2320,424,11,22,0,14,39,49,0
"Garay Ezequiel  E.","VAL",24,23,2030,2312,880,53,26,0,16,1,2,0
"Eraso ","LGN",34,31,2540,2310,615,16,42,0,11,6,99,49
"Adan ","BET",30,30,2700,2300,684,0,0,0,1,0,0,0
"Luna Antonio  A.","LEV",23,22,2021,2295,668,31,69,0,16,3,70,0
"Aquilani Alberto  A.","LP",21,15,1298,2293,829,16,25,0,30,1,12,0
"Postigo Sergio  S.","LEV",30,27,2426,2288,753,67,38,0,27,0,7,0
"Baptistao Leo  L.","ESP",36,31,2686,2262,440,15,36,0,28,15,58,1
"Kovacic Mateo  M.","RMD",21,10,988,2256,725,10,12,0,24,0,5,0
"Savic Stefan  S.","ATL",27,26,2299,2255,808,44,46,0,15,0,4,0
"Pena Ruben  R.","EIB",28,18,1727,2247,665,40,38,0,13,5,73,0
"De la Bella Alberto  A.","RSO",17,17,1529,2241,852,15,37,0,19,6,82,0
"Rodrigues Kevin  K.","RSO",20,18,1633,2234,736,18,39,0,24,0,78,1
"Jozabed ","CEL",24,18,1483,2224,761,13,15,0,6,2,10,1
"Garcia Kike  K.","EIB",35,28,2464,2206,440,20,20,0,12,15,23,0
"San Jose ","ATH",26,24,2156,2192,784,41,47,0,52,0,17,0
"Castellano Javi  J.","LP",23,17,1565,2176,911,13,33,0,29,0,4,0
"Laporte Aymeric  A.",NA,19,19,1710,2175,792,33,22,0,27,2,14,0
"Chichizola Leandro  L.","LP",27,27,2430,2142,658,7,0,0,0,0,1,0
"Cordoba Inigo  I.","ATH",30,18,1457,2134,361,23,29,0,36,5,82,0
"Vrsaljko Sime  S.","ATL",21,19,1697,2131,610,34,46,0,30,3,107,3
"Duarte Ruben  R.","ALA",24,24,2141,2121,698,51,82,0,46,1,56,0
"Tello Cristian  C.","BET",32,16,1684,2121,541,11,24,0,12,10,30,4
"Nolito ","SEV",30,17,1599,2102,467,16,25,0,15,20,46,17
"Halilovic Alen  A.","LP",20,16,1306,2094,381,3,10,0,8,1,85,24
"Bardhi Enis  E.","LEV",26,16,1580,2082,511,17,19,0,22,3,69,43
"Cartabia Fede  F.","DEP",20,16,1332,2076,438,4,35,0,12,4,61,16
"Gomez Vicente  V.","LP",25,17,1525,2058,756,14,19,0,25,0,16,0
"Dmitrovic Marko  M.","EIB",36,36,3240,2056,393,14,1,0,1,0,1,1
"Ramalho Jonas  J.","GIR",26,25,2297,2036,669,68,46,0,12,1,12,0
"Rulli Geronimo  G.","RSO",26,26,2340,2030,715,0,0,0,0,0,0,0
"Etebo Oghenekaro  O.","LP",14,14,1215,2028,536,19,32,0,14,1,3,2
"Jurado Jose Manuel  J.","ESP",29,20,1506,2025,505,10,14,0,12,0,33,0
"Gomez Maxi  M.","CEL",36,35,3077,2023,412,8,11,0,2,32,24,0
"Granero Esteban  E.","ESP",25,11,1222,2004,603,24,23,0,20,1,87,40
"Lemos Mauricio  M.",NA,16,14,1262,1996,730,12,26,0,21,0,0,0
"Camarasa Victor  V.","BET",24,14,1253,1995,541,14,16,0,6,2,8,1
"Piatti Pablo  P.","ESP",30,22,1747,1972,423,19,35,0,19,7,171,63
"De Marcos ","ATH",21,20,1663,1969,704,23,27,0,11,4,83,0
"Aguirregabiria Martin  M.","ALA",21,20,1829,1962,626,39,42,0,21,0,56,0
"Arrizabalaga Kepa  K.","ATH",30,30,2700,1954,458,2,0,0,0,0,1,0
"Aguirregaray Matias  M.","LP",15,14,1155,1951,522,17,29,0,17,1,33,0
"Hermoso Mario  M.","ESP",22,22,1929,1944,668,26,28,0,8,1,3,2
"Feddal Zouhair  Z.","BET",15,14,1257,1943,632,32,22,0,22,1,7,0
"Orellana Fabian  F.","EIB",17,13,1182,1936,367,8,16,0,5,4,71,23
"Sidnei ","DEP",21,21,1779,1916,615,33,42,0,19,0,5,0
"Coke ","LEV",17,16,1385,1894,553,36,41,0,23,4,46,0
"Krohn-Dehli Michael  M.","DEP",24,15,1266,1892,609,8,19,0,7,2,39,20
"Oliveira Paulo  P.","EIB",26,25,2215,1881,645,55,35,0,25,0,2,0
"Dembele Ousmane  O.","BAR",17,12,930,1875,391,6,6,0,7,3,63,26
"Benat ","ATH",24,12,1115,1872,631,17,15,0,17,0,102,50
"Cuellar Ivan  I.","LGN",35,35,3150,1866,288,5,0,0,2,0,0,0
"Balenziaga ","ATH",18,18,1554,1860,603,28,36,0,21,0,48,0
"Jason ","LEV",27,22,1792,1838,369,28,23,0,16,5,71,13
"Vezo Ruben  R.","VAL",19,17,1554,1837,613,25,40,0,26,1,20,0
"Fuego Javi  J.","VIL",28,23,1880,1833,681,32,23,0,28,0,4,0
"Kjaer Simon  S.","SEV",20,18,1571,1828,639,36,30,0,22,0,2,0
"Siovas Dimitrios  D.","LGN",24,24,2061,1824,541,48,53,0,35,2,3,0
"Arambarri Mauro  M.","GET",27,26,2135,1807,447,50,43,0,28,0,9,0
"Mosquera Pedro  P.","DEP",23,16,1397,1801,585,23,34,0,27,0,19,0
"Francis ","BET",14,10,991,1797,465,21,28,0,17,1,37,0
"Correa Joaquin  J.","SEV",21,15,1198,1790,376,10,11,0,10,5,13,1
"Omar ","LGN",23,18,1457,1750,350,13,30,0,11,2,83,24
"Murillo Jeison  J.","VAL",17,15,1374,1747,661,45,28,0,21,2,1,0
"Gimenez Jose Maria  J.","ATL",23,17,1684,1719,579,37,42,0,22,2,6,0
"Juanfran ","ATL",17,15,1308,1718,568,22,37,0,19,5,43,0
"Lopez Pedro  P.","LEV",21,18,1596,1711,609,34,34,0,23,4,59,0
"Bacca Carlos  C.","VIL",35,30,2511,1708,360,9,10,0,5,40,36,1
"Angel ","GET",33,26,2298,1702,254,10,19,0,17,32,39,0
"Pacheco Fernando  F.","ALA",38,37,3357,1685,303,4,0,0,0,0,0,0
"Muriel Luis  L.","SEV",29,17,1603,1681,298,6,12,0,10,30,26,2
"Hernandez Theo  T.","RMD",13,10,961,1675,544,12,17,1,15,1,39,0
"Miquel Ignasi  I.","MAG",20,20,1775,1671,507,38,32,0,21,0,1,0
"Soriano Roberto  R.","VIL",22,11,1135,1669,397,6,17,0,17,7,22,4
"Guaita ","GET",33,33,2970,1664,235,3,0,0,0,0,1,0
"Raba Daniel  D.","VIL",21,14,1113,1657,387,8,25,0,23,8,47,21
"Roberto ","MAG",34,34,3060,1628,310,1,0,0,0,0,1,0
"Saborit Enric  E.","ATH",19,16,1429,1612,539,35,35,0,26,1,45,0
"Alexis ","ALA",28,25,2184,1602,527,32,46,0,27,2,10,0
"Chema ","LEV",25,23,2017,1601,530,63,46,0,21,2,1,0
"Fontas Andreu  A.","CEL",12,9,884,1600,615,9,19,0,5,0,0,0
"Escalante Gonzalo  G.","EIB",28,16,1561,1598,474,26,41,0,24,0,9,0
"Muniain Iker  I.","ATH",14,7,775,1598,360,0,1,0,4,1,17,5
"Layun Miguel  M.","SEV",16,11,1181,1598,502,26,35,0,16,0,64,12
"Tono ","LEV",12,12,1080,1595,452,22,16,0,9,0,48,0
"Medran Alvaro  A.","ALA",18,10,1014,1590,400,6,14,0,10,2,20,4
"Bustinza Unai  U.","LGN",20,18,1636,1579,532,20,47,0,35,2,18,0
"Ben Yedder Wissam  W.","SEV",25,18,1699,1546,348,12,7,0,4,21,21,0
"Rober ","LEV",25,19,1904,1544,520,53,40,0,16,0,2,0
"Aduriz ","ATH",33,21,2149,1540,288,5,11,0,5,35,27,0
"Pereira Andreas  A.","VAL",23,12,1076,1531,263,7,12,0,23,1,75,9
"Cala Juan  J.",NA,20,20,1800,1521,423,51,36,0,14,2,2,0
"Iturra Manuel  M.","MAG",20,18,1583,1521,502,30,21,0,56,0,15,4
"Ramis Ivan  I.","EIB",16,15,1303,1520,543,46,27,0,6,2,2,0
"Muniesa Marc  M.","GIR",13,13,1129,1515,496,24,26,0,16,0,2,0
"Radoja Nemanja  N.","CEL",26,11,1097,1510,517,16,8,0,10,1,5,1
"Firpo Junior  J.","BET",14,14,1190,1506,536,5,48,0,18,0,22,0
"Lucas ",NA,15,13,1182,1505,512,24,27,0,33,2,21,0
"Albentosa Raul  R.","DEP",20,19,1749,1501,567,21,38,0,10,1,3,0
"Zaza Simone  S.","VAL",33,23,2078,1467,296,10,26,0,14,16,17,0
"Mina Santi  S.","VAL",32,17,1549,1466,345,5,15,0,15,11,15,0
"Oblak Jan  J.","ATL",37,37,3330,1463,317,0,0,0,0,0,0,0
"Garcia Sergio  S.","ESP",33,14,1629,1460,296,10,6,0,7,13,33,0
"Garcia Raul  R.","LGN",19,15,1388,1448,445,10,40,0,14,0,90,16
"Sobrino Ruben  R.","ALA",28,15,1461,1442,255,8,25,0,26,6,20,1
"Stuani Cristhian  C.","GIR",33,32,2722,1440,276,9,13,0,15,20,5,0
"Alejo Ivan  I.","EIB",22,14,1084,1436,189,8,11,0,10,3,100,2
"Bounou Yassine  Y.","GIR",30,30,2655,1435,272,4,0,0,0,0,1,0
"Ruben ","CEL",22,22,1942,1432,411,1,0,0,0,0,0,0
"Unal Enes  E.","VIL",30,18,1718,1428,260,3,17,0,10,13,8,0
"Valverde Fede  F.","DEP",24,12,1229,1426,450,13,21,0,10,1,18,3
"Remy Loic  L.","GET",23,12,1219,1422,263,2,8,0,3,12,14,0
"Vermaelen Thomas  T.","BAR",14,12,1018,1407,570,17,11,0,11,1,2,0
"Carrasco Yannick  Y.",NA,17,8,899,1405,253,5,12,0,7,2,33,8
"Suarez Denis  D.","BAR",18,4,584,1390,308,4,10,0,6,0,31,21
"Bakkali Zakaria  Z.","DEP",23,10,906,1382,232,2,7,0,7,4,39,11
"Wakaso Mubarak  M.","ALA",21,12,1097,1381,337,7,40,0,34,3,39,4
"Lopez Javi  J.","ESP",14,12,967,1376,469,18,20,0,32,0,29,0
"Bigas ","LP",12,11,896,1372,518,10,26,0,13,1,0,0
"Mor Emre  E.","CEL",23,4,650,1363,199,5,17,0,6,2,57,15
"Leon Sergio  S.","BET",31,23,1981,1351,232,5,20,0,2,11,15,2
"Junca ","EIB",15,10,902,1328,456,9,22,0,7,0,72,8
"Rico Mikel  M.","ATH",17,13,1170,1326,435,14,27,0,12,0,11,1
"Lopez Pau  P.","ESP",29,28,2566,1318,284,3,0,0,0,0,0,0
"Sanchez Carlos  C.","ESP",14,13,1123,1308,462,27,14,0,20,0,2,0
"Gumbau Gerard  G.","LGN",25,16,1431,1280,415,13,36,0,16,1,6,1
"Laguardia ","ALA",17,17,1530,1273,359,28,35,0,13,0,4,0
"Bonera Daniele  D.","VIL",15,14,1190,1268,477,26,20,0,11,0,0,0
"En-Nesyri Youseff  Y.","MAG",25,16,1592,1264,179,10,11,0,16,15,22,0
"Navarro Ximo  X.",NA,12,10,941,1260,414,7,25,0,16,0,6,0
"Gonzalez Diego  D.","MAG",18,17,1432,1260,409,33,41,0,14,1,11,0
"Boveda Eneko  E.","DEP",14,13,1191,1254,406,27,29,0,19,1,28,0
"Costa Diego  D.","ATL",15,13,1048,1250,241,11,7,0,9,19,9,0
"Digne Lucas  L.","BAR",12,8,702,1248,475,9,13,0,17,2,17,0
"Navarro Marc  M.","ESP",19,10,1105,1248,407,26,21,0,10,0,65,0
"Ricca Federico  F.","MAG",14,13,1111,1244,412,27,22,0,35,0,31,0
"Neto ","VAL",33,33,2970,1244,314,0,0,0,0,0,1,0
"Keko ","MAG",21,15,1217,1239,268,10,30,0,21,6,41,0
"Hakimi Achraf  A.","RMD",9,8,757,1233,399,9,16,0,8,1,30,0
"Maripan Guillermo  G.","ALA",19,17,1527,1231,338,39,38,0,18,0,2,0
"Olazabal Oier  O.","LEV",26,26,2340,1223,225,6,1,0,0,0,0,0
"Navas Keylor  K.","RMD",27,27,2430,1219,460,2,0,0,0,0,0,0
"Garcia Aleix  A.","GIR",20,7,843,1213,446,21,13,0,12,0,37,30
"Juanmi ","RSO",30,18,1490,1208,290,1,19,0,19,15,10,0
"Torres Daniel  D.","ALA",18,14,1218,1206,399,42,12,0,7,0,4,0
"Burgui ","ALA",23,12,1034,1204,267,12,5,0,6,6,25,2
"Moreno Hector  H.","RSO",8,8,720,1198,419,3,15,0,4,1,3,0
"Andone Florin  F.","DEP",29,16,1630,1193,175,4,8,0,4,18,25,0
"Ceballos Dani  D.","RMD",12,4,397,1192,345,5,4,0,5,0,5,4
"Brasanac Darko  D.","LGN",23,13,1201,1191,313,18,25,0,23,3,14,2
"Lacen Mehdi  M.","MAG",19,12,1123,1183,429,18,6,0,23,0,9,0
"Diop Pape  P.","EIB",20,15,1206,1178,401,39,20,0,19,0,5,0
"Momo ","LP",13,8,674,1178,296,2,5,0,9,3,40,11
"Pedro Leon ","EIB",12,10,929,1177,231,4,27,0,7,3,146,68
"Mendez Brais  B.","CEL",20,12,949,1177,349,6,11,0,5,3,31,6
"Rukavina Antonio  A.","VIL",17,14,1269,1172,489,21,28,0,17,0,30,0
"Penaranda Adalberto  A.","MAG",13,11,807,1169,193,4,6,0,7,3,4,0
"Baysse Paul  P.",NA,15,13,1238,1163,421,32,23,0,7,4,1,0
"Gil Nacho  N.","LP",20,10,958,1161,276,10,17,0,5,2,48,34
"Simon David  D.","LP",11,6,718,1159,413,4,21,0,16,1,34,0
"Munoz Ezequiel  E.","LGN",19,17,1407,1158,377,24,34,0,26,2,2,0
"Mascherano Javier  J.",NA,7,6,541,1149,400,15,15,0,10,0,0,0
"Navarro Fernando  F.","DEP",15,11,1042,1147,403,13,27,0,21,0,15,0
"Llorente Marcos  M.","RMD",13,5,540,1143,392,8,7,0,11,0,1,0
"Cheryshev Denis  D.","VIL",24,9,920,1137,227,7,17,0,15,5,42,0
"Alvarez Sergio  S.","CEL",17,16,1475,1136,325,5,0,0,1,0,1,0
"Martinez Ruben  R.","DEP",28,27,2477,1124,272,1,1,0,0,0,0,0
"Yeray ","ATH",8,7,675,1116,370,7,15,0,8,0,3,0
"Rico Sergio  S.","SEV",24,23,2155,1111,342,0,0,0,0,0,0,0
"Guerrero ","LGN",22,15,1438,1100,255,7,18,0,5,12,3,0
"Lukic Sasa  S.","LEV",16,12,996,1088,287,16,21,0,12,0,8,1
"Gomes Andre  A.","BAR",16,6,629,1086,317,6,6,0,10,3,4,0
"Asenjo Sergio  S.","VIL",23,23,2070,1080,275,2,0,0,0,0,0,0
"Enrich Sergi  S.","EIB",19,14,1330,1043,253,7,11,0,7,20,7,1
"Vila Didac  D.","ESP",14,7,725,1043,321,10,22,0,23,1,33,2
"Vesga Mikel  M.","ATH",12,11,807,1042,319,13,12,0,7,0,14,5
"Beauvue Claudio  C.","LGN",28,17,1670,1020,173,5,13,0,3,17,16,0
"Bakambu Cedric  C.",NA,15,15,1269,1007,194,4,11,0,4,11,18,0
"Duarte Oscar  O.","ESP",11,11,990,998,357,11,10,0,8,0,1,0
"Shibasaki Gaku  G.","GET",22,12,1003,985,254,14,14,0,11,5,31,15
"Guidetti John  J.","ALA",25,15,1338,984,242,9,12,0,1,11,23,1
"Timor David  D.","GIR",17,10,922,982,359,15,18,0,7,0,4,0
"Charles ","EIB",30,18,1580,974,238,8,9,0,5,11,10,0
"Lomban David  D.","EIB",13,11,996,965,352,31,11,0,10,1,0,0
"Vietto Luciano  L.","VAL",20,9,795,963,219,5,10,0,7,8,14,0
"Szymanowski Alexander  A.","LGN",13,13,1064,963,215,6,25,0,7,8,46,9
"Garcia David  D.","LP",11,9,859,954,372,3,23,0,13,0,5,0
"Naldo ","ESP",11,10,922,947,341,20,14,0,10,1,1,0
"Corchia Sebastien  S.","SEV",12,9,823,941,286,2,28,0,9,3,24,0
"Penalba Gabriel  G.","LP",7,7,572,917,306,7,13,0,3,0,1,0
"Juankar ","MAG",10,9,784,907,324,15,19,0,14,1,26,0
"Deulofeu Gerard  G.",NA,10,5,503,906,226,9,4,0,7,4,29,14
"Tannane Oussama  O.",NA,10,7,574,906,185,2,5,0,9,1,34,21
"Mantovani ","LGN",14,10,1019,891,275,28,14,0,17,0,0,0
"Doukoure Cheick  C.","LEV",19,12,1020,875,262,13,21,0,24,0,4,0
"Torres Fernando  F.","ATL",27,7,966,864,143,7,2,0,5,10,9,0
"Lato Toni  T.","VAL",16,9,798,860,316,5,29,0,15,1,18,0
"Coquelin Francis  F.","VAL",9,7,656,848,264,12,13,0,17,1,6,0
"Carole Lionel  L.",NA,6,6,540,844,292,14,16,0,7,0,13,0
"Mora Sergio  S.","GET",26,6,799,843,295,19,13,0,16,0,6,0
"Melendo ","ESP",18,6,680,838,214,4,4,0,1,0,9,2
"Bergara Markel  M.","GET",18,18,1469,837,267,35,13,0,21,2,6,0
"Gil Carles  C.","DEP",10,6,478,836,189,3,8,0,0,0,13,7
"Boateng Emmanuel  E.","LEV",25,10,1270,832,123,10,11,0,4,9,7,0
"Moron Loren  L.","BET",15,12,1064,825,118,1,20,0,6,5,4,0
"Vela Carlos  C.",NA,13,2,373,818,167,2,3,0,7,2,22,11
"Vigaray Carlos  C.","ALA",12,9,893,817,248,15,7,0,14,0,18,0
"Ganso ","SEV",8,7,524,811,283,6,4,0,7,0,6,4
"Gameiro Kevin  K.","ATL",25,11,1119,809,169,3,16,0,6,12,7,0
"Bruno ","GET",20,17,1538,807,236,48,19,0,14,2,0,0
"Kuzmanovic Zdravko  Z.","MAG",8,6,481,805,290,8,2,0,1,0,3,0
"Geis Johannes  J.","SEV",14,7,670,797,308,6,17,0,11,0,13,1
"Ramirez Sandro  S.","SEV",13,7,715,789,192,6,3,0,4,5,25,9
"Sansone Nicola  N.","VIL",18,5,627,781,173,4,1,0,3,9,28,9
"Perez Hernan  H.","ALA",14,5,510,778,147,0,12,0,13,3,30,8
"Vallejo Jesus  J.","RMD",7,7,630,767,305,18,8,0,8,1,1,0
"Toledo Hernan  H.","LP",15,6,617,764,113,6,2,0,3,3,30,0
"Cabaco Erick  E.","LEV",14,12,1039,761,237,27,16,0,20,0,2,0
"Mula Alejandro  A.",NA,11,7,562,760,154,6,4,0,3,2,26,2
"Lestienne Maxime  M.","MAG",12,8,671,740,155,6,8,0,7,1,39,6
"Juanpi ","MAG",16,5,604,739,171,4,9,0,4,0,18,7
"Ontiveros Javi  J.",NA,12,1,380,738,116,6,5,0,4,0,24,4
"Marti Roger  R.","LEV",17,10,962,728,129,3,9,0,7,5,15,0
"Mina Yerry  Y.","BAR",5,4,370,711,223,1,9,0,2,1,0,0
"Dos Santos Mauro  M.","LGN",14,10,981,708,220,7,21,0,7,2,3,0
"Maksimovic Nemanja  N.","VAL",15,6,551,694,218,16,15,0,13,0,8,0
"Vidal Aleix  A.","BAR",15,4,453,662,213,6,7,0,4,2,13,4
"Moya ","RSO",9,9,765,653,214,0,0,0,0,0,0,0
"Baston Borja  B.","MAG",20,8,977,647,163,2,5,0,3,9,6,0
"Lizoain Raul  R.","LP",11,11,990,643,239,0,1,0,0,0,0,0
"Success Isaac  I.","MAG",9,7,496,632,87,2,5,0,7,6,19,0
"Soria David  D.","SEV",15,15,1265,624,192,4,0,0,0,0,0,0
"Tito ","LGN",9,6,607,624,212,5,16,0,9,0,15,0
"Alcala Pedro  P.","GIR",8,8,690,618,202,22,9,0,5,2,4,0
"Mesa Roque  R.","SEV",7,4,342,616,206,2,8,0,5,0,2,1
"Jimenez Alvaro  A.","GET",13,5,524,604,82,9,8,0,5,0,19,0
"Torres Miguel  M.","MAG",8,8,675,601,249,9,15,0,9,2,6,0
"Sanabria Tony  T.","BET",17,8,847,601,118,3,4,0,3,8,3,0
"Naranjo ","LGN",16,6,561,583,115,8,15,0,6,2,18,8
"Cabrera Leandro  L.","GET",9,8,720,580,148,26,17,0,20,1,24,0
"Barbosa ","VIL",13,12,1125,579,162,0,0,0,0,0,0,0
"Hernan ",NA,7,4,351,577,212,1,3,0,10,0,3,1
"Herrerin Iago  I.","ATH",8,8,720,567,122,0,1,0,1,0,0,0
"Carrico Daniel  D.","SEV",6,5,459,566,195,16,9,0,5,0,0,0
"Molinero ","GET",10,5,575,564,189,18,15,0,6,0,14,0
"Pareja Nico  N.","SEV",5,5,405,555,189,2,11,0,10,0,1,0
"Krkic Bojan  B.","ALA",13,4,436,555,100,4,2,0,1,3,3,0
"Ezekiel Imoh  I.","LP",10,5,468,553,95,3,7,0,2,2,18,0
"Moore Shaq  S.","LEV",6,5,424,550,170,12,5,0,11,0,12,0
"Alcacer Paco  P.","BAR",17,8,694,547,183,6,9,0,3,7,10,3
"Fernandez Raul  R.","LEV",11,11,990,536,79,0,0,0,0,0,0,0
"Ideye Brown  B.","MAG",13,8,731,528,93,3,2,0,0,8,4,0
"Tosca Alin  A.",NA,6,5,424,511,188,8,7,0,4,0,8,0
"Vidal Nacho  N.","VAL",7,5,446,503,177,3,14,0,11,0,6,0
"Valle Borja  B.","DEP",17,3,474,502,99,1,4,0,0,6,8,0
"Lozano Choco  C.","GIR",14,4,465,501,73,4,4,0,3,4,13,0
"Bebe ",NA,9,3,361,498,77,2,2,0,2,3,47,7
"Jairo ","LP",11,6,558,493,99,5,5,0,5,3,13,0
"Douglas Luiz ","GIR",15,1,295,489,110,3,3,0,7,0,9,3
"Alegria Alex  A.","LEV",9,8,632,476,99,6,4,0,3,5,2,0
"Herrera Borja  B.",NA,3,3,242,473,153,2,4,0,1,0,14,0
"Boye Lucas  L.","CEL",13,2,267,470,89,3,6,0,5,0,12,0
"Casilla Kiko  K.","RMD",10,10,900,455,164,1,0,0,0,0,0,0
"Narvaez Juan Jose  J.",NA,7,4,304,453,141,8,4,0,8,0,5,0
"Lopez Diego  D.","ESP",10,10,854,439,92,0,0,0,0,0,0,0
"Campbell Joel  J.","BET",8,2,209,439,82,0,2,0,2,0,6,0
"Dieguez Adrian  A.","ALA",6,6,436,433,136,9,11,0,15,0,2,0
"Leiva Nahuel  N.",NA,7,3,249,426,97,5,2,0,1,0,6,0
"Lopez Pedro  P.","BET",5,4,411,409,127,0,0,0,0,0,0,0
"Roca Marc  M.","ESP",8,2,259,405,142,1,5,0,9,0,1,1
"Iraizoz ","GIR",9,8,765,393,90,1,0,0,0,0,0,0
"Etxeita ","ATH",5,5,377,392,132,11,5,0,2,0,1,0
"Rivera Cristian  C.",NA,7,2,241,380,115,2,1,0,4,0,1,0
"Torres Ferran  F.","VAL",13,2,302,374,75,3,3,0,9,0,16,1
"Muntari Sulley  S.","DEP",8,6,408,363,113,6,13,0,9,0,8,0
"Jony ",NA,5,1,214,362,49,1,2,0,1,0,31,9
"Mayoral Borja  B.","RMD",14,3,338,354,92,1,2,0,3,7,1,0
"Garcia Samu  S.","MAG",18,4,358,352,75,5,9,0,10,1,7,0
"Olunga Michael  M.","GIR",14,4,427,350,65,3,3,0,2,7,4,0
"Pardo Ruben  R.","RSO",6,3,223,329,105,1,5,0,1,0,9,5
"Rolon Esteban  E.","MAG",8,6,421,328,95,14,4,0,4,0,1,0
"Bueno Alberto  A.","MAG",11,1,217,321,78,3,2,0,1,1,5,0
"Exposito Erik  E.","LP",10,4,462,316,54,1,4,0,3,2,3,0
"Merino Sabin  S.","ATH",13,4,371,314,65,4,5,0,7,3,5,0
"Flamini Mathieu  M.","GET",8,6,482,312,97,9,5,0,8,0,5,0
"Santos Christian  C.","ALA",10,5,433,295,74,1,5,0,2,2,2,0
"Arana Guilherme  G.","SEV",3,2,192,295,106,10,3,0,1,0,3,0
"Romero Oscar  O.",NA,5,2,248,290,44,3,3,0,3,0,13,3
"Pacheco Dani  D.","GET",11,0,165,285,64,0,4,0,1,0,19,6
"Pantilimon Costel  C.",NA,6,6,540,285,77,0,0,0,0,0,0,0
"Rochina Ruben  R.","LEV",5,1,148,277,60,1,2,0,6,0,5,0
"Arribas Alejandro  A.",NA,3,3,270,272,97,5,4,0,0,0,0,0
"Marin Adrian  A.","VIL",3,2,233,258,86,3,4,0,7,0,2,0
"Gaitan Nico  N.",NA,6,1,216,251,72,2,2,0,4,1,10,5
"Martinez Emi  E.","GET",5,5,450,249,40,0,0,0,0,0,0,0
"Domenech Jaume  J.","VAL",5,5,450,247,86,0,0,0,0,0,0,0
"Pazzini Giampaolo  G.","LEV",9,5,444,245,35,0,2,0,0,5,4,0
"Navarro Rafa  R.","BET",3,1,133,244,72,2,1,0,1,0,3,0
"Tono ","RSO",4,3,315,243,77,0,0,0,0,0,0,0
"Moran Erik  E.",NA,6,2,225,243,84,1,8,0,0,0,2,0
"Kayode Olarenwaju  O.","GIR",12,2,375,230,34,4,3,0,1,5,5,0
"Martinez Roger  R.","VIL",8,2,226,230,45,1,0,0,3,1,5,0
"Semedo Ruben  R.","VIL",4,3,231,224,76,5,3,0,4,0,0,0
"Ramirez Benito  B.","LP",4,1,164,217,42,0,2,0,2,0,20,4
"Planas Carles  C.","GIR",5,2,191,216,77,1,4,0,3,0,9,0
"Lopez Ivan  I.","LEV",3,3,175,215,74,14,3,0,3,0,12,0
"Gimenez Dani  D.","BET",4,4,309,212,65,0,0,0,0,0,0,0
"Nano ",NA,9,2,274,210,35,1,4,0,2,5,1,0
"Artiles Aythami  A.",NA,3,2,183,204,82,1,4,0,2,0,0,0
"Samper Sergi  S.",NA,2,2,145,201,68,0,0,0,6,0,2,0
"Fernandez Augusto  A.",NA,5,1,105,200,60,4,5,0,0,0,1,0
"Prieto Andres  A.","MAG",4,4,360,188,31,1,0,0,0,0,0,0
"Cifuentes ",NA,2,1,107,186,63,4,1,0,0,0,12,0
"Sadiku Armando  A.","LEV",6,4,267,183,45,0,5,0,1,2,2,0
"Mazan Robert  R.","CEL",2,1,82,180,71,1,0,0,2,0,3,0
"Valentin Gerard  G.","DEP",3,2,158,179,42,0,2,0,0,0,1,0
"Castro Ruben  R.","BET",10,3,354,172,50,0,1,0,0,6,1,0
"Chuca ","VIL",4,1,86,163,38,1,2,0,0,0,9,6
"Agirretxe ","RSO",11,2,223,157,37,0,0,0,0,1,2,0
"Cancelo Joao  J.",NA,1,1,90,153,26,2,2,0,1,0,9,0
"Gama Bruno  B.",NA,6,1,112,149,29,0,0,0,1,0,5,3
"Fernandez Andres  A.","VIL",3,3,225,130,35,0,0,0,0,0,0,0
"Bautista Jon  J.","RSO",11,1,172,129,25,0,0,0,1,1,1,0
"Demirovic Ermedin  E.","ALA",3,2,181,129,15,5,4,0,1,2,2,0
"Exposito Edu  E.","DEP",3,0,94,127,48,1,2,0,2,0,1,0
"Gorosabel Andoni  A.","RSO",2,1,76,124,43,1,2,0,2,0,3,0
"Aketxe Ager  A.",NA,3,0,34,115,31,0,2,0,0,0,6,3
"Gonzalez Fabio  F.","LP",1,1,65,111,37,0,1,0,2,0,0,0
"Lopez Andoni  A.","ATH",1,1,90,107,38,2,4,0,0,0,3,0
"Aly ","LEV",1,1,78,107,36,1,3,0,4,0,3,0
"N'Diaye Alfred  A.",NA,2,1,100,104,34,4,2,0,4,0,0,0
"Lasso Borja  B.",NA,1,1,54,96,28,0,2,0,0,0,0,0
"Ndockyt Merveil  M.","GET",6,0,62,95,11,2,2,0,0,0,1,0
"Mujaid ","DEP",2,1,105,92,36,0,6,0,1,0,1,0
"Champagne Nereo  N.","LGN",2,2,180,91,14,0,0,0,0,0,0,0
"Montero Jefferson  J.",NA,4,0,55,89,8,0,0,0,1,0,8,0
"Zidane Enzo  E.",NA,2,1,71,84,16,0,0,0,2,0,0,0
"Sanchez Sergio  S.","ESP",2,1,102,83,30,1,3,0,3,0,2,0
"Yoel ","EIB",1,1,90,82,3,0,0,0,0,0,0,0
"Montoya Walter  W.",NA,1,1,77,81,14,0,0,0,0,1,1,0
"Koval Maksym  M.","DEP",2,2,122,81,21,0,0,0,0,0,0,0
"Carlos Isaac ","ATL",1,1,64,81,35,0,1,0,0,0,1,0
"Uzoho Francis  F.","DEP",2,2,180,80,11,0,0,0,0,0,0,0
"Olivera Mathias  M.","GET",3,1,102,80,9,4,4,0,1,0,2,0
"Fernandez Carlos  C.","SEV",2,2,139,78,25,0,1,0,0,0,2,0
"Hacen ","LEV",2,1,82,78,25,0,2,0,2,0,0,0
"Guerra Ramiro  R.","VIL",4,0,67,74,19,1,3,0,0,0,1,0
"Torres Pau  P.","VIL",2,0,51,73,19,1,2,0,1,0,0,0
"Robles Alex  A.","MAG",1,1,90,70,22,4,2,0,1,0,1,0
"Gracia Julio  J.","BET",2,0,21,67,19,1,0,0,0,0,1,0
"Aldawsari Salem  S.","VIL",1,0,33,67,16,0,0,0,1,1,0,0
"Lopez Victor  V.","ALA",1,1,61,66,6,3,2,0,0,1,6,0
"Guridi Jon  J.","RSO",4,0,50,62,18,0,1,0,1,0,0,0
"Sarriegi Imanol  I.","EIB",3,0,37,60,20,2,1,0,0,0,0,0
"Katai Aleksandar  A.",NA,3,0,52,60,8,0,0,1,0,1,0,0
"Barri ","GET",2,1,112,59,13,1,1,0,2,0,0,0
"Redondo Alberto  A.","GET",1,1,90,59,15,1,2,0,3,0,1,0
"Sane Arona  A.","ATL",1,0,64,58,8,0,1,0,0,0,0,0
"Mozo Alex  A.","LGN",1,0,45,55,14,1,0,0,1,0,0,0
"Cecchini Emanuel  E.",NA,2,0,29,55,16,1,1,0,1,0,0,0
"One Aldo  A.","DEP",1,1,90,55,18,4,0,0,1,0,0,0
"Zidane Luca  L.","RMD",1,1,90,54,26,0,0,0,0,0,0,0
"Koke ","LEV",1,1,90,54,12,0,0,0,0,0,0,0
"Serantes Jon Ander  J.","LGN",1,1,90,53,5,0,0,0,0,0,0,0
"Araujo Sergio  S.",NA,2,0,37,53,17,0,0,0,2,0,0,0
"Cillessen Jasper  J.","BAR",1,1,90,51,21,0,0,0,0,0,0,0
"Riesgo Asier  A.","EIB",1,1,90,47,5,0,0,0,0,0,0,0
"Suarez Leo  L.","VIL",1,0,28,47,9,0,0,0,0,1,1,0
"Arribas Sergio  S.","LGN",1,0,22,45,10,0,1,0,0,0,0,0
"Lopez Alberto  A.","MAG",1,0,45,42,17,3,0,0,1,0,1,0
"Tyton Przemyslaw  P.","DEP",2,1,97,39,13,0,0,0,0,0,0,0
"Soni Kevin  K.","GIR",2,0,17,35,4,0,0,0,1,0,0,0
"Amagat Eloi  E.","GIR",2,0,14,34,9,0,1,0,0,0,1,0
"Hjulsager Andrew  A.",NA,2,0,12,31,6,0,1,0,0,0,1,0
"Rodriguez Ivan  I.","MAG",1,0,19,28,10,0,0,0,0,0,0,0
"Werner Axel  A.","ATL",1,1,90,27,1,0,0,0,0,0,0,0
"Alba David  D.","GET",1,1,62,26,7,0,0,0,0,0,0,0
"Sivera Antonio  A.","ALA",1,1,63,25,2,0,0,0,0,0,0,0
"Gonzalez Mario  M.","VIL",2,0,16,25,2,0,1,0,0,1,1,0
"Almuwallad Fahad  F.",NA,2,0,25,24,7,0,0,0,0,0,0,0
"Almuwallad Fahad  F.","LEV",2,0,25,24,7,0,0,0,0,0,0,0
"Duro Hugo  H.","GET",2,0,18,23,5,0,0,0,0,0,0,0
"Lara Jose  J.","SEV",1,0,9,23,4,0,0,0,0,0,0,0
"Ruibal Aitor  A.",NA,2,0,7,20,4,0,0,0,0,0,0,0
"Sierra Jaime  J.","LGN",2,0,26,16,3,0,1,0,0,0,0,0
"Rubio Miguel Angel  M.","GET",1,0,28,16,3,0,0,0,0,0,0,0
"Arnaiz Jose  J.",NA,1,0,5,15,3,0,0,0,1,0,0,0
"Cruz Juan  J.","MAG",1,0,6,11,4,0,0,0,0,0,0,0
"Martinez Carlos  C.","RSO",1,0,2,10,3,0,0,0,0,0,0,0
"Poveda Dario  D.","VIL",1,0,1,10,1,0,0,0,1,0,0,0
"Hernandez Hector  H.","ALA",1,0,15,8,2,0,1,0,0,0,0,0
"Moreno Marlos  M.",NA,2,0,28,8,1,0,1,0,0,0,0,0
"Calderon Carlos  C.","GET",1,0,3,6,2,0,0,0,1,0,0,0
"Molina Dani  D.","CEL",1,0,4,5,2,0,0,0,0,0,0,0
"Moya Toni  T.","ATL",1,0,2,2,1,0,0,0,0,0,0,0
"Regis Francesc  F.","EIB",1,0,1,2,0,0,0,0,1,0,0,0
